sid	path	kind	role	preview	top_cards	basename_neighbors
SRC-5D407CD0A39E	stages/stage12/archive/docs/stage12-n1-2-repair-status-r01.md	SUPPORTING_MATH_DOC		# Stage12-N1-2 repair status after full audit R01 | > **STATUS:** `ALL_R01_REPAIRS_COMPLETE_PENDING_INDEPENDENT_REAUDIT` | > | > **AUDIT_DATE:** `2026-08-07` | > | > **AUDIT_COUNTS:** `FATAL=0, MAJOR=4, MINOR=2, CLARIFICATION=1` | > | > **RESOLVED_AFTER_AUDIT:** `MAJOR-01, MAJOR-02, MAJOR-03, MAJOR-04, CLARIFICATION-01, MINOR-01, MINOR-02` | > | > **OPEN_MAJOR:** `NONE` | > | > **THEOREM_STATUS:** `REPAIRED_CANDIDATE_PENDING_INDEPENDENT_REAUDIT` | ## 1. 現在の判断 | 独立監査R01の全指摘に対する修復文書と自己完結bundleを作成した。 | 候補漸近式は | \[ | C_{\rm prim}(B) | \sim | \frac{\kappa}{12\pi}B(\log B)^3. | \] | ただし、対象はStage12-N1-3d definition sheetで定義したprimitive oriented countに限る。独立再監査が `CLOSED` を返すまで、project-wideには `proved`, `FINAL_COMPLETE`, `CLOSED` と呼ばない。 | ## 2. Repair ledger | ### MAJOR-01 — rectangular error exponent | **状態:** `CLOSED_BY_STAGE12_N1_3A` | 旧2pの不成立な | 	SR-STR-004:1.57:Space-diagonal one-face transition asymptotic; SR-STR-226:1.53:Primitive oriented integral-space one-face incidence asymptotic; SR-STR-005:1.46:No-space one-face to two-face transition asymptotic; SR-STR-227:1.26:Canonical exactly-one directional chamber asymptotic and non-2:1:1 limit law; SR-STR-143:1.17:Exactly-two-face ambient asymptotic and cubic-host thinning law; SR-STR-146:1.15:Current certified Euler-cuboid global envelope with unresolved true exponent	SRC-F8BDFF1C677B|stages/stage12/archive/docs/stage12-n1-2-final-r08-self-contained.md|SR-STR-226; SRC-C0ECFA1DE2CE|stages/stage12/archive/docs/stage12-n1-2-final-r07-self-contained.md|SR-STR-226; SRC-7522A92BE1DD|stages/stage12/archive/docs/stage12-n1-2-final-r03.md|SR-STR-226; SRC-5734043C488C|stages/stage12/archive/docs/stage12-n1-2-final-r02.md|SR-STR-226
SRC-8E3D4EACD55B	stages/stage12/archive/docs/stage12-n1-2b-average.md	SUPPORTING_MATH_DOC		# Stage12-N1-2b：乗法重みの共有素因子補正 | Stage12-N1-2 の双曲線座標 | \[ | C_{\mathrm{raw}}(B)= | \sum_{\substack{h\ge1,\ 1\le r<s,\ (r,s)=1\\ | h(r^2+s^2)\le2B\\ | h(r^2+s^2)\equiv0\ (2)}} | \bigl(G(hrs)-1\bigr) | \] | に対し、\(G(hrs)\) の分離障害を局所補正へ縮約する。 | \[ | G(n)=\prod_{q\mid n,\ q\equiv1\ (4)}(2v_q(n)+1) | \] | とし、\((r,s)=1\) を用いる。\(t=rs\) と置けば、厳密に | \[ | \boxed{ | G(ht)=G(h)G(r)G(s)K(h,t) | } | \] | であり、補正因子は | \[ | K(h,t)= | \prod_{\substack{q\equiv1\ (4)\\q\mid\gcd(h,t)}} | \frac{2(v_q(h)+v_q(t))+1} | {(2v_q(h)+1)(2v_q(t)+1)}. | \] | したがって \(0<K\le1\) で、\(K=1\) は \(1\pmod4\) の素数が \(h\) と \(rs\) に共有されない場合に一致する。共有される素数が 2 または \(3\pmod4\) のみなら \(G\) には影響しない。 | 有限監査では \(B\le20{,}000\) の全閾値でこの分解を検証し、Stage11 の raw 畳み込み値を完全再現した。有限割合を漸近密度とは解釈しない。 | 解析上は、非分離性が明示的な Euler 局所因子 \(K\) に隔離された。次に必要なのは、二次高さ領域上の積重み \(G(h)G(r)G(s)\) の平均、\(1\pmod4\) 共有素因子による補正損失の総和評価、およ	SR-STR-195:1.21:Squarefree j=1728 twist compression of the joint physical squareclasses; SR-STR-077:1.20:Explicit one-parameter Saunderson coefficient floor; SR-STR-056:1.15:Parameter-mass versus physical-height lower-family exponent calculus; SR-STR-227:1.13:Canonical exactly-one directional chamber asymptotic and non-2:1:1 limit law; SR-STR-066:1.13:Reduced tau height bound and height-only support no-go; SR-STR-156:1.08:Yoshida face-cuboid generic-rank-zero and explicit-orbit height-sparsity gate	
SRC-2C93C02DE22E	stages/stage12/archive/docs/stage12-n1-2c-gao-zhao.md	SUPPORTING_MATH_DOC		# Stage12-N1-2c：Gao–Zhao型との対応検証 | ## 判定 | Gao–Zhao の定理は、今回の共有 $p$ 和へ**直接適用できない**。ただし、証明技法の一部は再利用候補である。 | Gao–Zhao が扱う対象は | $$ | S_N(x)=\sum_{m,n\le x}d(n^2+Nm^2) | $$ | であり、固定された二次形式、box領域、通常の約数関数を対象とする。 | Stage12-N1-2b の対象は | $$ | \sum_{\substack{h(r^2+s^2)\le2B\\r<s,\ (r,s)=1}} | \bigl(G(h)G(r)G(s)K(h,rs)-1\bigr) | $$ | であり、次が追加される。 | - $h$ という可変スケール | - 円領域と順序条件 | - $(r,s)=1$ | - 通常の約数関数ではない重み $G$ | - $h$ と $rs$ の共有 $1\pmod4$ 素数に支えられる補正 $K$ | - 後段のglobal Möbius反転に耐える一様誤差 | 従って、Gao–Zhao の漸近公式を引用するだけではStage12の和は評価できない。 | ## 再利用候補 | - 約数双曲線分解の設計 | - $r^2+s^2$ に対応する二次合同式の根の整理 | - dyadic分割後のlarge sieve・指数和評価 | ## 新たに必要な補題 | 1. $h(r^2+s^2)\le2B$ 上の $G(h)G(r)G(s)$ の重み付き平均 | 2. $K(h,rs)$ の総寄与の一様評価 | 3. coprime・ordered sectorへの制限による誤差評価 | 4. global Möbius反転後にも総和可能な誤差項 | 分類は `B_method_template_relevant_theorem_not_directly_applicable` とする。 | 次は 	SR-STR-063:1.46:Tau pushforward invariant and collision receiver; SR-STR-057:1.46:Toric master space-diagonal receiver on the two-face host; SR-STR-091:1.31:Squarefree-kernel paired-slope residue receiver; SR-STR-033:1.28:Mod-7 two-parameter exactly-one-face family; SR-STR-188:1.20:Uniform adjacent two-cell O(p) transform via Newton-polyhedron and stationary phase; SR-STR-197:1.17:Four-root rank-one difference-kernel lattice and dual-switch residue lock	
SRC-AF10F010572E	stages/stage12/archive/docs/stage12-n1-2d-modular-hyperbola.md	SUPPORTING_MATH_DOC		# Stage12-N1-2d：モジュラー双曲線型評価の一様誤差監査 | ## 判定 | Shparlinski のモジュラー双曲線評価は、今回の共有 \(p\) 和へ**直接適用できない**。局所的な合同条件の処理、Kloosterman 和による完備化、box から正則領域への discrepancy 移行は再利用候補だが、必要な重み付き平均と全法平均の一様誤差は供給しない。 | 対象は | \[ | \sum_{\substack{h(r^2+s^2)\le 2B\\r<s,\ (r,s)=1}} | \left(G(h)G(r)G(s)K(h,rs)-1\right). | \] | Shparlinski の Theorem 13 は、\(\gcd(a,m)=1\) に対するモジュラー双曲線 | \[ | xy\equiv a\pmod m | \] | の区間内点数を | \[ | \frac{\varphi(m)}{m^2}XY+O\!\left(m^{1/2+o(1)}\right) | \] | で評価する。discrepancy を介した四分円領域では誤差が \(O(m^{3/4+o(1)})\) になる。 | ## 適合しない核心 | Stage12 の約数展開から現れる合同条件は | \[ | r^2+s^2\equiv0\pmod m | \] | であり、\((s,m)=1\) の部分では \(t=rs^{-1}\) として | \[ | t^2\equiv-1\pmod m | \] | へ落ちる。これは二次元のモジュラー双曲線全体ではなく、薄い二次合同根の問題である。さらに法 \(m\) は合成数を含み、Theorem 13 は \(G(h)G(r)G(s)\) や \(K(h,rs)\) を伴わない。 | coprime 条件は Möbius 反転で形式的に入れられるが、Stage12 ではその後に primitive 化の global	SR-STR-033:1.49:Mod-7 two-parameter exactly-one-face family; SR-STR-185:1.37:Pairwise gcd support of integral witness factors; SR-STR-197:1.30:Four-root rank-one difference-kernel lattice and dual-switch residue lock; SR-STR-032:1.30:Exact shared-hypotenuse representation convolution; SR-STR-039:1.22:Stage14 integral-space exactly-two half-power upper theorem; SR-STR-188:1.20:Uniform adjacent two-cell O(p) transform via Newton-polyhedron and stationary phase	
SRC-2345EA6B6F71	stages/stage12/archive/docs/stage12-n1-2e-divisor-dyadic.md	SUPPORTING_MATH_DOC		# Stage12-N1-2e：G の約数指示関数展開と dyadic 法範囲 | ## 結論 | Stage12-N1-2d では、約数展開後に二次合同根 | \[ | t^2\equiv-1\pmod m | \] | を扱う可能性を候補として残した。しかし、\(G\) を三変数に対して正確に Möbius 反転すると、少なくとも \(G\) 本体についてはこの経路を通る必要がない。 | \[ | G(n)=\prod_{q\equiv1\pmod4}(2v_q(n)+1) | \] | に対し、 | \[ | \lambda_1(d)= | \begin{cases} | 2^{\omega(d)},& d\text{ の全素因数が }1\pmod4,\\ | 0,&\text{それ以外} | \end{cases} | \] | ただし \(\lambda_1(1)=1\) と置くと、厳密に | \[ | G(n)=\sum_{d\mid n}\lambda_1(d) | \] | となる。 | さらに三変数では | \[ | G(hrs)= | \sum_{\substack{a\mid h,\ b\mid r,\ c\mid s\\ | (a,b)=(a,c)=(b,c)=1}} | \lambda_1(a)\lambda_1(b)\lambda_1(c). | \] | これは上界ではなく厳密な恒等式である。各 \(q\equiv1\pmod4\) について、指数を \(a,b,c\) のうち高々一つへ割り当てる項だけが係数2を持ち、二つ以上へ同時に割り当てる混合差分は0になる。 | したがって、Stage12-N1-2b の共有素因子補正 \(K(h,rs)\) は、三つの約数法 \(a,b,c\) を互いに素とする条件へ正確に吸収できる。 | ## exact raw 和の書き換え | 双曲線領域を | \[ | \mathcal D_B=\left\{	SR-STR-069:1.49:Reduced tau core-scale decomposition; SR-STR-033:1.49:Mod-7 two-parameter exactly-one-face family; SR-STR-039:1.43:Stage14 integral-space exactly-two half-power upper theorem; SR-STR-227:1.39:Canonical exactly-one directional chamber asymptotic and non-2:1:1 limit law; SR-STR-063:1.25:Tau pushforward invariant and collision receiver; SR-STR-057:1.25:Toric master space-diagonal receiver on the two-face host	
SRC-471795D6D21E	stages/stage12/archive/docs/stage12-n1-2f-main-term.md	SUPPORTING_MATH_DOC		# Stage12-N1-2f：体積・局所密度主項、対数次数、repeated-side寄与 | ## 判定 | Stage12-N1-2e の三法展開から、固定法ごとの体積・局所密度係数、形式的な対数次数、repeated-side寄与を確定した。 | 確定した構造は次の通りである。 | - 固定法 \((a,b,c)\) の主項係数は明示できる | - 三法和のEuler積は \(s=1\) で3位の極を持つ | - raw oriented count の形式的主項は \(B(\log B)^4\) | - global Möbius反転後のprimitive oriented count は形式的に \(B(\log B)^3\) | - repeated-side contribution は全高さで恒等的に0 | ただし、固定法格子点数の一様誤差が未証明なので、以下は**主項構造の確定**であり、漸近式そのものの証明ではない。 | ## 1. 固定法の体積と局所密度 | Stage12-N1-2e の厳密展開では | \[ | G(hrs)= | \sum_{\substack{a\mid h,\ b\mid r,\ c\mid s\\ | (a,b)=(a,c)=(b,c)=1}} | \lambda_1(a)\lambda_1(b)\lambda_1(c) | \] | であり、\(a,b,c\) はすべて \(1\pmod4\) 素数だけに支えられるため奇数である。 | 固定した \((a,b,c)\) に対し | \[ | h=au,\qquad r=bv,\qquad s=cw | \] | と置く。奇素数 \(p\) におけるcoprime密度は次の通り。 | - \(p\nmid bc\)：\(1-p^{-2}\) | - \(p^e\Vert b\)：\(p^{-e}(1-p^{-1})\) | - \(p^e\Vert c\)：\(p^{-e	SR-STR-033:1.71:Mod-7 two-parameter exactly-one-face family; SR-STR-227:1.64:Canonical exactly-one directional chamber asymptotic and non-2:1:1 limit law; SR-STR-002:1.49:Saunderson parametrization of primitive Euler bricks; SR-STR-005:1.46:No-space one-face to two-face transition asymptotic; SR-STR-039:1.43:Stage14 integral-space exactly-two half-power upper theorem; SR-STR-077:1.40:Explicit one-parameter Saunderson coefficient floor	
SRC-997B8B77F3A6	stages/stage12/archive/docs/stage12-n1-2g-uniform-error.md	SUPPORTING_MATH_DOC		# Stage12-N1-2g：geometry-of-numbers・Möbius分解・平均誤差の一様性監査 | ## 判定 | 通常の geometry-of-numbers と、三つの coprime 条件に対する Möbius 分解を点ごとに適用し、誤差を絶対値で加算する方法だけでは、Stage12-N1-2f の形式的主項を漸近式へ昇格できない。 | 分類は | ```text | B_pointwise_geometry_of_numbers_not_sufficient_averaged_anisotropic_input_required | ``` | とする。 | ## 1. 固定法格子点問題 | Stage12-N1-2e の変数変換 | \[ | h=au,\qquad r=bv,\qquad s=cw | \] | 後、固定された pairwise-coprime な法 \((a,b,c)\) に対して数える対象は | \[ | au\bigl(b^2v^2+c^2w^2\bigr)\le 2B, | \qquad bv<cw, | \] | および | \[ | (v,w)=1,\qquad (v,c)=1,\qquad (w,b)=1 | \] | と偶奇条件を満たす格子点である。 | 固定 \(u\) で | \[ | T_u=\sqrt{\frac{2B}{au}} | \] | と置くと、楕円の半軸はおよそ | \[ | X_u=\frac{T_u}{b},\qquad Y_u=\frac{T_u}{c} | \] | である。ordinary lattice points に対する Lipschitz principle または definable-family の lattice-counting theorem は、面積主項に加えて | \[ | O(X_u+Y_u+1) | \] | 型の境界誤差を与える候補となる。Barroe	SR-STR-002:1.86:Saunderson parametrization of primitive Euler bricks; SR-STR-033:1.71:Mod-7 two-parameter exactly-one-face family; SR-STR-085:1.57:Cross-gcd primitive-scale factorization and physical diagonal product; SR-STR-039:1.43:Stage14 integral-space exactly-two half-power upper theorem; SR-STR-012:1.37:Uniform elliptic finite-fiber degree bridge; SR-STR-155:1.36:Fixed rational-curve sub-square-root ceiling and moving-family gate	
SRC-C915B41D4554	stages/stage12/archive/docs/stage12-n1-2h-poisson-split.md	SUPPORTING_MATH_DOC		# Stage12-N1-2h：small/large modulus・eccentricity分割とPoisson監査 | ## 判定 | Stage12-N1-2g で障害になった「増大する楕円の eccentricity」は、偶奇条件と二つの局所 coprimality 条件を **Poisson summation の前に周期関数として統合する**ことで、二次元 core では除去できる。 | ただし、Poisson 後に得られる位相は古典的な Kloosterman sum ではなく、 | \[ | e\!\left( | \pm | \frac{C\sqrt{k^2+\ell^2}} | {bcd\sqrt{u}} | \right) | \] | 型の Ramanujan 重み付き nonlinear reciprocal phase である。通常の additive spacing が直接働く領域は形式的主項の \(9/32\) に限られ、残る \(15/32\) の clustered core と \(1/4\) の one-dimensional wing には新しい平均評価が必要である。 | 分類は | ```text | C_poisson_isotropization_succeeds_hybrid_spacing_only_partial | ``` | とする。 | ## 1. 出発点 | Stage12-N1-2e 以降の固定法表示は | \[ | h=au,\qquad r=bv,\qquad s=cw | \] | であり、\(a,b,c\) は奇数、pairwise coprime、素因数は \(1\bmod 4\) に限られる。領域は | \[ | au\bigl((bv)^2+(cw)^2\bigr)\le 2B, | \qquad bv<cw, | \] | 条件は | \[ | (v,w)=1,\qquad (v,c)=1,	SR-STR-085:1.57:Cross-gcd primitive-scale factorization and physical diagonal product; SR-STR-198:1.56:Balanced Gaussian square-divisor common-core compression with CRT line rigidity; SR-STR-033:1.49:Mod-7 two-parameter exactly-one-face family; SR-STR-002:1.49:Saunderson parametrization of primitive Euler bricks; SR-STR-016:1.39:Mixed-parity C17 genus-one lower family; SR-STR-188:1.31:Uniform adjacent two-cell O(p) transform via Newton-polyhedron and stationary phase	
SRC-C1B7118CBC59	stages/stage12/archive/docs/stage12-n1-2i-exponent-budget.md	SUPPORTING_MATH_DOC		# Stage12-N1-2i：15/32 clustered core と 1/4 wing の指数予算監査 | ## 結論 | Stage12-N1-2h で未処理だった | - `15/32` の clustered two-dimensional core | - `1/4` の one-dimensional eccentric wing | は、**保持した deep・nonterminal・small-visibility-divisor 領域に限れば、古典的な指数対 `(1/6,2/3)` と Ramanujan 和の厳密な約数展開で必要誤差へ届く構造**になっている。 | 分類は | ```text | A_retained_core_and_wing_close_boundary_layers_remain | ``` | とする。 | ただし、raw または primitive の漸近式そのものはまだ証明していない。真の残課題は、Stage12-N1-2h で誤差として切り捨てた shallow-height 層と terminal-u 層である。 | ## 1. Ramanujan 和で重要なのは二乗平均だけではない | Ramanujan 和には厳密な恒等式 | \[ | c_q(n)=\sum_{r\mid(q,n)}r\mu(q/r) | \] | がある。従って | \[ | |c_q(n)|\le(q,n) | \] | であり、さらに | \[ | \sum_{n\bmod q}|c_q(n)|^2=q\varphi(q) | \] | が成り立つ。 | 有限区間については、約数展開を絶対値で足すだけで | \[ | \sum_{1\le n\le K}|c_q(n)| | \le K\,2^{\omega(q)} | \] | を得る。 | 今回の核心は、係数が大きい場合には必ずその大きさを生む約数 `r` が周波数 `n` を割るこ	SR-STR-033:1.49:Mod-7 two-parameter exactly-one-face family; SR-STR-005:1.46:No-space one-face to two-face transition asymptotic; SR-STR-084:1.37:Exact normalized physical-height identity with primitive scale retained; SR-STR-028:1.29:Core-wing-shallow boundary separation; SR-STR-077:1.20:Explicit one-parameter Saunderson coefficient floor; SR-STR-056:1.15:Parameter-mass versus physical-height lower-family exponent calculus	
SRC-C3539FF8A82C	stages/stage12/archive/docs/stage12-n1-2j-boundary-layers.md	SUPPORTING_MATH_DOC		# Stage12-N1-2j：primitive-first Möbius と boundary layer 監査 | ## 判定 | Stage12-N1-2i で残った shallow-height 層と terminal-u 層は、global Möbius 反転を最後に絶対値で処理する順序をやめ、最初に `h` 方向へ畳み込むことで構造的に解消できる。 | 分類は | ```text | A_primitive_first_boundary_layers_close_uniform_average_remainder_open | ``` | とする。 | primitive N1 漸近式そのものはまだ主張しない。残る課題は、固定 `(r,s)` の部分和に対する averaged uniform remainder と、二法 `beta` 重みでの最終的な平滑化・endpoint bookkeeping である。 | ## 1. global Möbius を切断前に移す | raw oriented count の重みは | \[ | G(hrs)-1 | \] | であり、global primitive count は厳密に | \[ | C_{\rm prim}(B) | = | \sum_{k\le B}\mu(k) | C_{\rm raw}(\lfloor B/k\rfloor) | \] | である。 | ここで dyadic 分割、shallow cut、terminal-u cut を行う前に | \[ | n=kh | \] | と置き換える。 | 固定された coprime pair `(r,s)` に対して | \[ | A_{r,s}(m) | = | \sum_{k\mid m} | \mu(k)\{G((m/k)rs)-1\} | \] | を定義する。 | ### 1.1 `r,s` がともに奇数 | この場合 | \[ | 	SR-STR-033:1.49:Mod-7 two-parameter exactly-one-face family; SR-STR-013:1.38:Primitive-first Möbius reindexing; SR-STR-072:1.24:Dyadic tau-height/core restart contract; SR-STR-091:1.09:Squarefree-kernel paired-slope residue receiver; SR-STR-188:1.08:Uniform adjacent two-cell O(p) transform via Newton-polyhedron and stationary phase; SR-STR-178:1.04:Euclid five-column squarefree-kernel routing and local Hilbert adapter	
SRC-B38D1E95F09D	stages/stage12/archive/docs/stage12-n1-2k-final-remainder.md	SUPPORTING_MATH_DOC		# Stage12-N1-2k：最終平均誤差・Euler定数・二法主項監査 | ## 結論 | Stage12-N1-2jで残った | - fixed \((r,s)\) partial sum の平均一様誤差 | - 二法Euler積 \(\eta\) と三法Euler積 \(\kappa\) の一致 | - \(\beta\) 二法重みに対するcore／wingおよびendpoint整理 | は、既知の固定領域primitive格子点評価と多変数平均値定理を使う標準的な段階まで閉じる。 | 分類は | ```text | A_N1_2_leading_asymptotic_closed_at_standard_theorem_level_series_complete | ``` | とする。 | Stage12-N1-2bで定義したprimitive oriented countについて、 | \[ | \boxed{ | C_{\mathrm{prim}}(B) | \sim | \frac{\kappa}{12\pi}\,B(\log B)^3 | } | \] | が最終的な先頭漸近式となる。 | これは完全直方体の存在・非存在を主張するものではなく、N1-2で定義した向き付き計数の漸近式である。また、Euler積の数値は認証区間ではない。 | --- | ## 1. fixed \((r,s)\) 問題は固定円問題へ変換できる | Stage12-N1-2jの正のversion | \[ | A^+_{r,s}(m)=A_{r,s}(m)+1_{m=1} | \] | のDirichlet級数は | \[ | F_{r,s}(s) | = | G(rs)\,F_0(s)\,H_{r,s}(s) | \] | と分解できる。base部分は | \[ | F_0(s) | = | \frac{\zeta(s)L(s,\chi_4)} | {(1+2^{-s})\	SR-STR-226:1.80:Primitive oriented integral-space one-face incidence asymptotic; SR-STR-004:1.79:Space-diagonal one-face transition asymptotic; SR-STR-227:1.51:Canonical exactly-one directional chamber asymptotic and non-2:1:1 limit law; SR-STR-033:1.49:Mod-7 two-parameter exactly-one-face family; SR-STR-005:1.46:No-space one-face to two-face transition asymptotic; SR-STR-143:1.33:Exactly-two-face ambient asymptotic and cubic-host thinning law	
SRC-83190F47F4E1	stages/stage12/archive/docs/stage12-n1-2l-dlb-hypotheses.md	SUPPORTING_MATH_DOC		# Stage12-N1-2l：de la Bretèche 多重和定理の仮定と β 二法系の適合性監査 | ## 結論 | Stage12-N1-2k の | > 関連する二変数 Dirichlet 級数は de la Bretèche の multiple-sum theorem の標準仮定を満たす | という記述は、原典 Theorem 1 の仮定を実際に照合した証明にはなっていない。 | 原典の仮定は単なる | - 係数が非負 | - Euler 積を持つ | - 極次数が固定 | ではない。少なくとも次の三条件を明示的に検証する必要がある。 | - **P1**：ある基準点 `a` より右の多変数領域で Dirichlet 級数が絶対収束すること | - **P2**：有限個の非負係数線形形式 `ell_i` に対応する極を除いた関数が、指定された tube domain へ正則接続すること | - **P3**：その tube domain 内で、虚部と極線形形式に関する一様な多項式増大度評価を持つこと | Stage12-N1-2k は P1 の初歩的部分を示唆するが、P2 と P3 を記述も証明もしていない。従って、2k の | ```text | A_N1_2_leading_asymptotic_closed_at_standard_theorem_level_series_complete | ``` | という分類は現時点では強すぎる。 | 本監査の分類は | ```text | B_DLB_DIRECT_APPLICATION_NOT_VERIFIED_REPAIR_ROUTE_AVAILABLE | ``` | とする。 | これは最終漸近式が偽であるという判定ではない。レビュー群の多数意見どおり、最終接続が未検証であり `REPAIRABLE` であるという判定である。 | --- | ## 1. 原典 Theorem 1 の正確な要求 | 	SR-STR-033:0.64:Mod-7 two-parameter exactly-one-face family; SR-STR-039:0.61:Stage14 integral-space exactly-two half-power upper theorem; SR-STR-012:0.59:Uniform elliptic finite-fiber degree bridge; SR-STR-002:0.56:Saunderson parametrization of primitive Euler bricks; SR-STR-149:0.50:Geometric b-invariant explanation of the Stage22 log-four second-face enhancement; SR-STR-027:0.50:Weighted coprime rectangle convolution	
SRC-056BA3A8A081	stages/stage12/archive/docs/stage12-n1-2m-iterated-selberg-delange.md	SUPPORTING_MATH_DOC		# Stage12-N1-2m：反復Selberg–Delangeとcoprime補正の監査 | ## 結論 | Stage12-N1-2lで未検証と判定した de la Bretèche の多変数定理を避け、二法重み \(\beta\) を一変数Dirichlet級数とcoprime補正へ分解する。 | 判定は | ```text | A_ITERATED_SELBERG_DELANGE_MAIN_TERM_FACTORIZATION_CLOSED_REGION_REMAINDER_PENDING | ``` | とする。 | - 一変数 \(\beta\) 級数は \(s=1\) で単純極を持つ。 | - 二変数の互いに素条件は、二つの一変数因子と、\(\Re(s_1+s_2)>1\) で絶対収束するcross correctionへ厳密分解できる。 | - 従って長方形領域または滑らかな積重み上では、反復Selberg–Delangeにより主項と局所定数を得られる。 | - ただし最終的な結合領域 \(h(r^2+s^2)\le 2B\) へ戻す際のpartial summation、境界層、誤差の一様積分をこの段階だけでは完了していない。 | したがって、2lで見つかった「多変数定理の仮定未確認」は回避できるが、最終漸近式を再び CLOSED とするには、次段階で結合領域への移送誤差を閉じる必要がある。 | --- | ## 1. 一変数 \(\beta\) Dirichlet級数 | \[ | \beta(p^j)=\frac{2(p-1)}{p+1} | \quad(p\equiv1\pmod4,\ j\ge1), | \] | それ以外を0とする。一変数級数 | \[ | B_\beta(s)=\sum_{n\ge1}\frac{\beta(n)}{n^s} | \] | の局所因子は、\(q\equiv1\pmod4\) に対して | \[ | 1+\fr	SR-STR-063:1.25:Tau pushforward invariant and collision receiver; SR-STR-084:1.18:Exact normalized physical-height identity with primitive scale retained; SR-STR-091:1.09:Squarefree-kernel paired-slope residue receiver; SR-STR-033:1.07:Mod-7 two-parameter exactly-one-face family; SR-STR-057:1.04:Toric master space-diagonal receiver on the two-face host; SR-STR-085:0.98:Cross-gcd primitive-scale factorization and physical diagonal product	
SRC-521FB44BFBD0	stages/stage12/archive/docs/stage12-n1-2n-coupled-region.md	SUPPORTING_MATH_DOC		# Stage12-N1-2n：radial／height結合領域・境界・誤差経路監査 | ## 結論 | Stage12-N1-2mで得た二法長方形和の因子分解を、primitive-first の結合領域へ移送する。 | 判定は | ```text | A_FINAL_ROUTE_REPAIRED_AT_STANDARD_ONE_VARIABLE_THEOREM_LEVEL_REVIEW_REQUIRED | ``` | とする。 | - retained region は対数dyadic長方形の有限重なり和へ分解できる。 | - 一変数 Selberg–Delange の一様誤差と、絶対収束する coprime cross correction を畳み込むことで、各長方形に一様な二法誤差を得る。 | - 二変数 Abel／Stieltjes 部分和分により、radial weight と height length を含む結合領域へ主項を移送できる。 | - shallow boxes と対角・円弧境界の寄与は `o(B(log B)^3)` である。 | - Stage12-N1-2h〜2i の Poisson・Ramanujan・指数対ルートは、最終 primitive-first 証明では使用しない。歴史的な障害診断および代替ルート監査として残す。 | 従って、AI敵対レビューで共通指摘された | 1. de la Bretèche の未検証 P2/P3 | 2. 2h〜2i と 2j〜2k の接続不明 | 3. 結合領域への移送不足 | は、de la Bretèche を使わない一変数ルートで修復できる。 | ただし、独立再レビュー前に `CLOSED` へ戻すのではなく、上記分類で停止する。 | --- | ## 1. primitive-first 主項の形 | Stage12-N1-2j〜2kから、固定された coprime pair `(r,s)`	SR-STR-004:1.34:Space-diagonal one-face transition asymptotic; SR-STR-033:1.28:Mod-7 two-parameter exactly-one-face family; SR-STR-005:1.25:No-space one-face to two-face transition asymptotic; SR-STR-226:1.25:Primitive oriented integral-space one-face incidence asymptotic; SR-STR-085:1.18:Cross-gcd primitive-scale factorization and physical diagonal product; SR-STR-143:1.17:Exactly-two-face ambient asymptotic and cubic-host thinning law	
SRC-FFD95FC85027	stages/stage12/archive/docs/stage12-n1-2o-analytic-closure.md	SUPPORTING_MATH_DOC		# Stage12-N1-2o：一変数解析条件と一様長方形補題 | ## 結論 | Stage12-N1-2m〜2n の反復 Selberg–Delange ルートについて、Round 2 敵対レビューで繰り返し指摘された次の点を本文へ固定する。 | 1. 一変数因子 `J(s)` の正則性・非零性。 | 2. 使用する一変数平均定理の入力条件と誤差関数。 | 3. coprime cross correction から一様長方形誤差を得る畳み込み補題。 | 4. endpoint／floor 誤差の安全な低次評価。 | この段階の判定は | ```text | A_ANALYTIC_CLOSURE_LEMMAS_WRITTEN_FINAL_REVIEW_REQUIRED | ``` | とする。新しい主項や局所定数は導入せず、最終ルート | ```text | 2j -> 2k -> 2l -> 2m -> 2n -> 2o | ``` | のうち 2m〜2n で略記されていた解析条件だけを補う。 | --- | ## 1. 一変数 Euler 積の正規化 | `q ≡ 1 (mod 4)` に対し | \[ | b_q=\frac{2(q-1)}{q+1}, | \qquad | A_q(s)=1+\frac{b_q q^{-s}}{1-q^{-s}}. | \] | 一変数 Dirichlet 級数は | \[ | B_\beta(s)=\prod_{q\equiv1(4)}A_q(s). | \] | `x=q^{-s}` と書くと | \[ | A_q(s)=\frac{1+(b_q-1)x}{1-x}. | \] | 一方、`ζ(s)L(s,χ_4)` の `q ≡ 1 (mod 4)` 局所因子は `(1-x)^{-2}`、`p ≡ 3 (mod 4)` 局所因子は `(1-p^{-2s})^{-1}` である。従って | \[ | B_\beta(s)=\	SR-STR-197:1.17:Four-root rank-one difference-kernel lattice and dual-switch residue lock; SR-STR-153:1.12:Odd-odd Stage15-2 family mod-16 space-lift annihilation; SR-STR-195:1.08:Squarefree j=1728 twist compression of the joint physical squareclasses; SR-STR-033:1.07:Mod-7 two-parameter exactly-one-face family; SR-STR-016:1.04:Mixed-parity C17 genus-one lower family; SR-STR-063:1.04:Tau pushforward invariant and collision receiver	
SRC-E25DAB0085E5	stages/stage12/archive/docs/stage12-n1-2p-final-bookkeeping.md	SUPPORTING_MATH_DOC		# Stage12-N1-2p：Selberg–Delange参照固定と長方形誤差の完全bookkeeping | ## 結論 | Stage12-N1-2oで残した二つのMINORを閉じる。 | 1. 一変数 Selberg–Delange の使用版・定理番号を固定する。 | 2. cross correction から一様長方形誤差を得る際の係数領域分割を完全に書き下す。 | 本段階の分類は | ```text | A_FINAL_BOOKKEEPING_WRITTEN_INDEPENDENT_REVIEW_REQUIRED | ``` | とする。最終ルートは | ```text | 2j -> 2k -> 2l -> 2m -> 2n -> 2o -> 2p | ``` | であり、主張範囲は定義済み primitive oriented count に限る。 | --- | ## 1. 使用する一変数定理の固定 | 参照版を次に固定する。 | > Gérald Tenenbaum, *Introduction to Analytic and Probabilistic Number Theory*, Third Edition, Graduate Studies in Mathematics 163, American Mathematical Society, 2015, Chapter II.5, Theorem II.5.2（Selberg–Delange method）。 | 本系列では、その `z=1` 特殊形を使う。すなわち、 | \[ | F(s)=\zeta(s)H(s) | \] | で、`H` が de la Vallée Poussin 型 zero-free region の必要部分へ正則接続し、同領域で多項式増大度を持ち、`H(1)\ne0` なら、ある `c>0` に対して | \[ | \sum_{n\le x}f(n)=H(1)x	SR-STR-031:2.06:Finite-order Selberg-Delange theorem contract; SR-STR-063:1.67:Tau pushforward invariant and collision receiver; SR-STR-156:1.48:Yoshida face-cuboid generic-rank-zero and explicit-orbit height-sparsity gate; SR-STR-057:1.46:Toric master space-diagonal receiver on the two-face host; SR-STR-060:1.44:Constant-u bisection genus and physical-degeneration barrier; SR-STR-039:1.43:Stage14 integral-space exactly-two half-power upper theorem	
SRC-286CCF512A06	stages/stage12/archive/docs/stage12-n1-3a-rectangular-error-repair.md	SUPPORTING_MATH_DOC		# Stage12-N1-3a：一様長方形誤差の指数修復 | > **STATUS:** `MAJOR_01_CLOSED_AT_RECTANGULAR_LEMMA_LEVEL` | > | > **SOURCE_AUDIT:** `docs/review/stage12-n1-2-full-audit-r01.md` | > | > **SUPERSEDES:** Stage12-N1-2p §3.2–§3.5 の `R^{1/2+δ}S + RS^{1/2+δ}` 型誤差 | > | > **THEOREM_STATUS:** `REPAIRABLE — NOT CLOSED` | ## 0. 目的と主張範囲 | 本稿は、独立監査R01の **MAJOR-01** を修復する。 | Stage12-N1-2pでは、大係数領域で実際に得られた | \[ | R^{3/4+\delta/2}S | \] | を、\(\delta\in(0,1/4)\) のもとで | \[ | R^{1/2+\delta}S | \] | へ強化していた。しかし | \[ | \frac34+\frac\delta2\le \frac12+\delta | \] | には \(\delta\ge1/2\) が必要であり、使用範囲と両立しない。 | 本稿では、誤った強化を撤回し、正しい弱い一様長方形誤差 | \[ | R^{3/4+\varepsilon}S+RS^{3/4+\varepsilon} | \] | へ置き換える。また、後続の結合領域移送で必要となるboxwise kernelとの適合性を、抽象的な部分和分ノルムのもとで確認する。 | 本稿だけでは、次を閉じない。 | - MAJOR-02：fixed-circle remainder; | - MAJOR-03：完全なcoupled-region transferと係数 \(1/12\); | - MAJOR-04：自己完結b	SR-STR-227:1.26:Canonical exactly-one directional chamber asymptotic and non-2:1:1 limit law; SR-STR-060:1.26:Constant-u bisection genus and physical-degeneration barrier; SR-STR-077:1.20:Explicit one-parameter Saunderson coefficient floor; SR-STR-217:1.12:Collective fixed-degree stratum proliferation reverse-count budget; SR-STR-160:1.12:All-shared-edge directional quarter-power Stage19 lower; SR-STR-074:1.11:Physical-cutoff height transfer on a fixed-tau genus-one fiber	
SRC-3DC6304F6E8F	stages/stage12/archive/docs/stage12-n1-3b-fixed-circle-remainder.md	SUPPORTING_MATH_DOC		# Stage12-N1-3b：fixed-circle remainder の平均一様修復 | > **STATUS:** `MAJOR_02_CLOSED_AT_AVERAGED_REMAINDER_LEVEL` | > | > **SOURCE_AUDIT:** `docs/review/stage12-n1-2-full-audit-r01.md` | > | > **SUPERSEDES:** Stage12-N1-2k §2–§3 の `ω(X)` 全域引き出し | > | > **THEOREM_STATUS:** `REPAIRABLE — NOT CLOSED` | ## 0. 目的と主張範囲 | 本稿は、独立監査R01の **MAJOR-02** を修復する。 | Stage12-N1-2kでは、fixed-`(r,s)` convolution error | \[ | G(rs) | \sum_{\ell\le X} | |h_{r,s}(\ell)|(X/\ell)^{1/2}\omega(X/\ell) | \] | から `ω(X)` を全域へ引き出していた。しかし、採用しているzero-free-region saving `ω(t)` は十分大きい `t` で減少するため、`X/ℓ≤X` から得られる不等号の向きは必要なものと逆である。 | 本稿では `ω(X)` を引き出さない。代わりに | \[ | 0<\omega(Y)\le 1 | \] | だけを使い、finite Euler correctionの絶対 `1/2`-normから正しいpointwise estimate | \[ | R_{r,s}(X) | \ll | G(rs)H_{\rm abs}(rs)X^{1/2} | \] | を導く。このpointwise estimateは旧2kより弱いが、retained regionでは `X≥X_0` であるため、out	SR-STR-227:1.39:Canonical exactly-one directional chamber asymptotic and non-2:1:1 limit law; SR-STR-063:1.25:Tau pushforward invariant and collision receiver; SR-STR-057:1.25:Toric master space-diagonal receiver on the two-face host; SR-STR-156:1.21:Yoshida face-cuboid generic-rank-zero and explicit-orbit height-sparsity gate; SR-STR-012:1.18:Uniform elliptic finite-fiber degree bridge; SR-STR-145:1.10:Paired Gaussian-norm squareclass parity sieve for Stage19 zero density	
SRC-7F462AEF26FB	stages/stage12/archive/docs/stage12-n1-3c-coupled-region-transfer.md	SUPPORTING_MATH_DOC		# Stage12-N1-3c：coupled-region transfer の完全変数展開とresidue-first閉包 | > **STATUS:** `MAJOR_03_CLOSED_BY_STAGE12_N1_3C_G` | > | > **SOURCE_AUDIT:** `docs/review/stage12-n1-2-full-audit-r01.md` | > | > **SUPERSEDES:** Stage12-N1-2n §3 および旧Final §5の概要的な `L^3/12` 移送 | > | > **DETAILED_CLOSURE:** `docs/stage12-n1-3c-g-residue-first-closure.md` | > | > **THEOREM_STATUS:** `REPAIRABLE — NOT CLOSED` | ## 0. 目的と最終判定 | 本稿は独立監査R01のMAJOR-03を修復する。 | 旧2nと旧Finalでは、長方形主項から | \[ | \int_{2\max(y,z)<L} | (L-2\max(y,z))\,dy\,dz | =\frac{L^3}{12} | \] | へ移る部分が概要に留まり、元変数、divisor variables、倍数変数、radial kernel、parity、orientation、境界項が一つの等式鎖で接続されていなかった。 | Stage12-N1-3cではまずfixed divisor variables `(b,c)` を含むexact kernelまで変数台帳を復元し、model kernelから `L^3/12` を得るStieltjes計算を書いた。その結果、fixed-`(b,c)` anisotropic kernel remainderが残った。 | Stage12-N1-3c.Gでは、このfixed-divisor statementが	SR-STR-227:1.13:Canonical exactly-one directional chamber asymptotic and non-2:1:1 limit law; SR-STR-074:1.11:Physical-cutoff height transfer on a fixed-tau genus-one fiber; SR-STR-226:1.11:Primitive oriented integral-space one-face incidence asymptotic; SR-STR-156:1.08:Yoshida face-cuboid generic-rank-zero and explicit-orbit height-sparsity gate; SR-STR-060:1.08:Constant-u bisection genus and physical-degeneration barrier; SR-STR-152:1.07:Already-space pair-overlap thinning for the second-face transition	
SRC-824E104BC437	stages/stage12/archive/docs/stage12-n1-3c-g-residue-first-closure.md	SUPPORTING_MATH_DOC		# Stage12-N1-3c.G：residue-first radial transfer による幾何kernel課題の解消 | > **STATUS:** `MAJOR_03_CLOSED_BY_RESIDUE_FIRST_BYPASS` | > | > **PARENT:** `docs/stage12-n1-3c-coupled-region-transfer.md` | > | > **SOURCE_AUDIT:** `docs/review/stage12-n1-2-full-audit-r01.md` | > | > **THEOREM_STATUS:** `REPAIRABLE — NOT CLOSED` | > | > **SCOPE:** primitive oriented residue main only | ## 0. 結論と方針転換 | Stage12-N1-3cでは、除数変数 `(b,c)` を固定したexact kernel | \[ | \mathcal K_B(b,c) | \] | を個別にarchimedean modelへ置き換える補題3c.Gを設定した。しかし、この補題は最終漸近式に必要な主張より強い。極端なanisotropyを持つ各 `(b,c)` について一様評価する必要はなく、最終的に必要なのは `(b,c)` を再び合計したresidue mainの評価だけである。 | 本稿では除数展開をいったん元へ戻し、元のedge variables `(r,s)` 上の非負乗法係数を先に平均する。すると、 | - anisotropic family; | - side exclusions `(u,c)=1`, `(v,b)=1`; | - orientation boundary `bu=cv`; | - fixed-`(b,c)` arc discrepancy | を個別に評価する必要がなくなる。 | 代わりに必要な	SR-STR-002:1.49:Saunderson parametrization of primitive Euler bricks; SR-STR-060:1.44:Constant-u bisection genus and physical-degeneration barrier; SR-STR-198:1.33:Balanced Gaussian square-divisor common-core compression with CRT line rigidity; SR-STR-033:1.28:Mod-7 two-parameter exactly-one-face family; SR-STR-227:1.26:Canonical exactly-one directional chamber asymptotic and non-2:1:1 limit law; SR-STR-001:1.25:Primitive canonical cuboid population convention	
SRC-8C8C58569889	stages/stage12/archive/docs/stage12-n1-3d-constant-sheet.md	SUPPORTING_MATH_DOC		# Stage12-N1-3d：Constant sheet for `kappa`, `eta`, and front factors | > **STATUS:** `MAJOR_04_CONSTANT_SHEET_COMPLETE` | > | > **SCOPE:** Stage12-N1-2 primitive oriented leading coefficient | > | > **THEOREM_STATUS:** `REPAIRED_CANDIDATE_PENDING_INDEPENDENT_REAUDIT` | ## 0. このsheetの目的 | 本稿は、独立監査R01で不足とされた | - `kappa` の完全なEuler積; | - `eta` の完全なEuler積; | - 各odd-prime local factor; | - 2-adic / archimedean front factor; | - `eta=pi*kappa` のprime-by-prime comparison; | - 最終係数 `1/(12*pi)` までのfactor ledger | を一枚に固定する。 | 以下、`p` は `3 mod 4` の奇素数、`q` は `1 mod 4` の奇素数を表す。 | --- | ## 1. three-variable constant `kappa` | Stage12-N1-2fのthree-law Euler factorを | \[ | F_q(s) | := | 1+ | \frac{2}{q^s-1} | + | \frac{4q}{(q+1)(q^s-1)} | \qquad(q\equiv1\pmod4) | \] | とする。`s=1` では | \[ | \boxed{ | F_q(1) | = | \frac{q^2+6q+1}{q^2-1}. | } | \] | `kappa` を | 	SR-STR-017:1.67:Euler third-face local blocker law and dimension-two sieve; SR-STR-227:1.64:Canonical exactly-one directional chamber asymptotic and non-2:1:1 limit law; SR-STR-226:1.53:Primitive oriented integral-space one-face incidence asymptotic; SR-STR-185:1.52:Pairwise gcd support of integral witness factors; SR-STR-148:1.44:One-face conditioning logarithmically enhances space-diagonal survival over the ambient space baseline; SR-STR-060:1.44:Constant-u bisection genus and physical-degeneration barrier	
SRC-5085337771F6	stages/stage12/archive/docs/stage12-n1-3d-definition-sheet.md	SUPPORTING_MATH_DOC		# Stage12-N1-3d：Definitions and counting convention | > **STATUS:** `MAJOR_04_DEFINITION_SHEET_COMPLETE` | > | > **SCOPE:** Stage12-N1-2 primitive oriented count only | > | > **THEOREM_STATUS:** `REPAIRED_CANDIDATE_PENDING_INDEPENDENT_REAUDIT` | ## 0. このsheetの目的 | 本稿は新しい解析補題を導入しない。独立監査R01のMAJOR-04に対応し、Stage12-N1-2で数えている対象、重複度、orientation、raw / primitiveの関係を単独で復元できるように固定する。 | 最終対象は、以下の式で定義される **primitive oriented count** `C_prim(B)` である。これは完全直方体そのものの個数、辺順序を忘れたcanonical count、またはexact-one-face countへの自動変換を意味しない。 | 以下、`B` は正整数とする。実数 `B` への拡張は `C(B):=C(floor(B))` とする。 | --- | ## 1. 双曲線座標とadmissible parameter set | 正整数 `h,r,s` に対して | \[ | p=hrs, | \qquad | c=\frac{h(s^2-r^2)}2, | \qquad | d=\frac{h(r^2+s^2)}2 | \] | と置く。Stage12-N1-2のparameter conventionは | \[ | 1\le r<s, | \qquad | (r,s)=1. | \] | `r<s` はこの系列におけるorientation conventionの一部であり、`r	SR-STR-001:2.09:Primitive canonical cuboid population convention; SR-STR-039:1.84:Stage14 integral-space exactly-two half-power upper theorem; SR-STR-077:1.80:Explicit one-parameter Saunderson coefficient floor; SR-STR-006:1.79:Space-diagonal two-face versus one-face zero-density transition; SR-STR-004:1.79:Space-diagonal one-face transition asymptotic; SR-STR-227:1.76:Canonical exactly-one directional chamber asymptotic and non-2:1:1 limit law	
SRC-085616537847	stages/stage12/archive/docs/stage12-n1-3d-selberg-delange-reference-lock.md	SUPPORTING_MATH_DOC		# Stage12-N1-3d：Selberg--Delange reference lock | > **STATUS:** `CLARIFICATION_01_REFERENCE_LOCK_COMPLETE` | > | > **REFERENCE:** Gérald Tenenbaum, *Introduction to Analytic and Probabilistic Number Theory*, Third Edition, Graduate Studies in Mathematics 163, AMS, Chapter II.5, Theorem II.5.2, p. 281 | > | > **ADOPTED_PARAMETERS:** `z=1` for `beta`; `z=2` for `g=1*beta` | ## 0. 修正方針 | 旧文書の一部は、Tenenbaum II.5.2を参照しながら | \[ | \exp\{-c(\log x)^{3/5}(\log\log x)^{-1/5}\} | \] | 型の特定zero-free-region remainderを書いていた。しかし、この特定形を本系列で必要なinputとして固定する必要はない。 | 本稿ではTheorem II.5.2のfinite-order Selberg--Delange expansionだけを採用する。必要な精度に応じて展開次数 `J` を一度大きく選び、任意の固定log-power savingを得る。 | 従って、以後の標準入力は | ```text | SPECIFIC_KOROBOV_VINOGRADOV_REMAINDER=NOT_REQUIRED | ARBITRARY_FIXED_LOG_POWER_REMAINDER=ADOPTED | ``` | とする。 | --- | ## 1. 採用する一般形 | Dirichlet series 	SR-STR-031:2.06:Finite-order Selberg-Delange theorem contract; SR-STR-160:1.68:All-shared-edge directional quarter-power Stage19 lower; SR-STR-152:1.68:Already-space pair-overlap thinning for the second-face transition; SR-STR-226:1.66:Primitive oriented integral-space one-face incidence asymptotic; SR-STR-227:1.64:Canonical exactly-one directional chamber asymptotic and non-2:1:1 limit law; SR-STR-039:1.63:Stage14 integral-space exactly-two half-power upper theorem	
SRC-D90B9B439097	stages/stage12/archive/docs/stage12-n1-3e-local-gap-closure.md	SUPPORTING_MATH_DOC		# Stage12-N1-3e：R02限定レビューで残った二つの局所補題 | > **STATUS:** `R02_LOCAL_GAPS_CLOSED_IN_TEXT` | > | > **PARENT_BUNDLE:** `PC-N1-2-REPAIRED-PROOF-20260807-R02` | > | > **SCOPE:** fixed-circle outer average and parity-weighted local constant only | > | > **THEOREM_STATUS:** `REPAIRED_CANDIDATE_PENDING_LIMITED_REAUDIT` | ## 0. 目的 | R02修正箇所限定レビューは、中心経路を否定せず、次の二点をself-contained bundleへ明示するよう要求した。 | 1. fixed-circle pointwise remainderをretained `(r,s)` regionで平均する補題; | 2. parity-weighted rectangle coefficient | \[ | C_\lambda^{(0)}=\frac{8}{\pi^2}\eta | \] | のprime-by-prime局所因子計算。 | 本稿はこの二点だけを定義から書き下す。新しい中心方針、fixed-`(b,c)` kernel lemma、または強いpointwise savingは導入しない。 | --- | # Part I. fixed-circle remainderのouter average | ## 1. `G`, `H_abs`, `W` の完全な定義 | `n>=1` に対して | \[ | G(n) | := | \prod_{\substack{q^t\Vert n\\q\equiv1\pmod4}} | (2t+1). | \] | 固定pairに現れ	SR-STR-227:1.51:Canonical exactly-one directional chamber asymptotic and non-2:1:1 limit law; SR-STR-187:1.51:Same-measure fixed-prime ordered-limit squareclass sieve; SR-STR-051:1.46:Polynomially bounded divisor and finite-fiber adapter; SR-STR-077:1.40:Explicit one-parameter Saunderson coefficient floor; SR-STR-085:1.37:Cross-gcd primitive-scale factorization and physical diagonal product; SR-STR-156:1.35:Yoshida face-cuboid generic-rank-zero and explicit-orbit height-sparsity gate	
SRC-22F95BFD34CA	stages/stage12/archive/docs/stage12-n1-3f-small-coordinate-wing.md	SUPPORTING_MATH_DOC		# Stage12-N1-3f：small-coordinate wing の分離評価 | > **STATUS:** `R04_SMALL_COORDINATE_WING_CLOSED_IN_TEXT` | > | > **SOURCE_AUDIT:** Stage12-N1-2 全体ゼロベース監査 R04 | > | > **SCOPE:** radial Stieltjes transfer の error budget のみ | > | > **THEOREM_STATUS:** `REPAIRED_CANDIDATE_PENDING_R05_FULL_REAUDIT` | ## 0. 修正対象 | R04全体ゼロベース監査は、retained condition | \[ | X_{r,s}=\frac{\lambda(r,s)B}{r^2+s^2}\ge X_0 | \] | から従うのはradial upper boundだけであり、 | \[ | \min(r,s)\ge S_0 | \] | は従わないと指摘した。実際、`r=1` と大きな `s` のpairもretained regionに含まれる。 | したがって、旧Final R02 §9および旧reference lock §5にある | ```text | retained boxes imply min(R,S) >= S0 | ``` | という読み方は撤回する。正しい役割分担は次である。 | - `X_{r,s}>=X_0` はfixed-height remainderのretained/shallow分解に用いる。 | - `r,s>=S_0` はradial rectangle transferの **core** を定義する追加cutoffである。 | - `r<S_0` または `s<S_0` の **wing** はrectangle asymptoticを使わず、非負性と一	SR-STR-028:1.81:Core-wing-shallow boundary separation; SR-STR-074:1.30:Physical-cutoff height transfer on a fixed-tau genus-one fiber; SR-STR-143:1.17:Exactly-two-face ambient asymptotic and cubic-host thinning law; SR-STR-146:1.15:Current certified Euler-cuboid global envelope with unresolved true exponent; SR-STR-119:1.13:Strict sub-half bound off the critical support wall; SR-STR-066:1.13:Reduced tau height bound and height-only support no-go	
SRC-F5DBB7BD60D5	stages/stage12/archive/docs/stage12-n1-3g-fixed-height-shallow-sector.md	SUPPORTING_MATH_DOC		# Stage12-N1-3g：fixed-height shallow sector の直接評価 | > **STATUS:** `R05_FIXED_HEIGHT_SHALLOW_SECTOR_CLOSED_IN_TEXT` | > | > **SOURCE_AUDIT:** Stage12-N1-2 全体ゼロベース監査 R05 | > | > **SCOPE:** primitive-first exact sum の fixed-height shallow sector | > | > **THEOREM_STATUS:** `REPAIRED_CANDIDATE_PENDING_R06_FULL_REAUDIT` | ## 0. 修正対象 | `L=\log B` とし | \[ | X_0:=\exp(L^{1/4}), | \qquad | X_{r,s}:=\frac{\lambda(r,s)B}{r^2+s^2}, | \] | \[ | \lambda(r,s)= | \begin{cases} | 2,&r,s\text{ odd},\\ | 1,&r,s\text{ opposite parity} | \end{cases} | \] | とする。 | R05監査は、retained sector `X_{r,s}\ge X_0` のfixed-height remainderは閉じている一方、 | \[ | 1\le X_{r,s}<X_0 | \] | となるshallow sectorについて、旧Finalが | ```text | shallow fixed-height sector: o(BL^3) by nonnegative rectangle upper bounds | ``` | と結論だけを書き、必要なmajorantとshell計算を展開していないことを指摘した。 | 本稿ではshallow contributionを	SR-STR-005:1.46:No-space one-face to two-face transition asymptotic; SR-STR-001:1.46:Primitive canonical cuboid population convention; SR-STR-039:1.43:Stage14 integral-space exactly-two half-power upper theorem; SR-STR-146:1.41:Current certified Euler-cuboid global envelope with unresolved true exponent; SR-STR-084:1.37:Exact normalized physical-height identity with primitive scale retained; SR-STR-155:1.36:Fixed rational-curve sub-square-root ceiling and moving-family gate	
SRC-C24ED6A0CED2	stages/stage12/archive/docs/stage12-n1-3h-zero-base-provenance-closure.md	SUPPORTING_MATH_DOC		# Stage12-N1-3h：zero-base provenance と未展開解析細部の閉鎖 | > **STATUS:** `R06_EXTERNAL_REVIEW_SELF_CONTAINMENT_CLOSED_IN_TEXT` | > | > **SCOPE:** Stage12-N1-2 primitive oriented count の自己完結性 | > | > **THEOREM_STATUS:** `REPAIRED_CANDIDATE_PENDING_R07_FULL_REAUDIT` | ## 0. 修正対象 | R06 bundle の数学的中心計算について、新しい反例や central gap は報告されなかった。一方、完全な zero-base review を名乗るには、次が同一 physical bundle 内で読める必要があるとの指摘を受けた。 | 1. rectangle error | \[ | R^{3/4+\varepsilon}S+RS^{3/4+\varepsilon} | \] | の導出本文; | 2. `G`, `beta`, `eta`, `kappa` の由来となる旧2b・2e・2f・2j・2k本文; | 3. Selberg--Delange input に必要な `L(s,chi_4)` の vertical polynomial growth; | 4. radial integral で `x,y>=1` が角度端を切り取る効果の明示評価。 | 本稿は3と4を本文として補い、R07 builder が1と2を物理的に埋め込むための active / provenance 規則を固定する。 | --- | ## 1. active proof と provenance source の区別 | R07では次を一つのbundleへ収録する。 | ### Active current proof | - `do	SR-STR-226:1.80:Primitive oriented integral-space one-face incidence asymptotic; SR-STR-227:1.51:Canonical exactly-one directional chamber asymptotic and non-2:1:1 limit law; SR-STR-181:1.42:Primitive physical two-face gluing and compact conjugate-gap chart; SR-STR-151:1.31:Exact-height Kummer-to-Jacobi receiver with moving-transverse-family dispersion gate; SR-STR-063:1.25:Tau pushforward invariant and collision receiver; SR-STR-057:1.25:Toric master space-diagonal receiver on the two-face host	
SRC-B395984E4C20	stages/stage12/archive/docs/stage12-n1-3i-final-reference-closure.md	SUPPORTING_MATH_DOC		# Stage12-N1-3i：rectangle入力とSelberg--Delange参照の最終自己完結化 | > **STATUS:** `FINAL_REFERENCE_DEPENDENCIES_CLOSED_IN_TEXT` | > | > **SCOPE:** Stage12-N1-2 primitive oriented count | > | > **THEOREM_STATUS:** `SELF_CONTAINED_PROOF_TEXT_AFTER_R06_R07_EXTERNAL_CHECKS` | ## 0. 目的 | 外部再検算では、Stage12-N1-3a の長方形誤差 | \[ | R^{3/4+\varepsilon}S+RS^{3/4+\varepsilon} | \] | は独立再計算と一致した。一方、3a が入力としていた | \[ | B_\beta(X):=\sum_{n\le X}\beta(n)\ll X | \] | と、coprime cross correction の係数ノルム | \[ | M_\delta:=\sum_{a,b\ge1}\frac{|c(a,b)|}{(ab)^{1/2+\delta}}<\infty | \] | が旧2pへの参照として残っていた。また Selberg--Delange の使用条件は reference lock に概要だけがあり、active proof との対応を一箇所に固定していなかった。 | 本稿ではこの三点を現行定義から直接導く。旧2p本文は active proof に復帰させない。 | --- | ## 1. `B_beta(X) << X` の直接証明 | ### 1.1 `beta` の局所因子 | `beta` は乗法関数で | \[ | \beta(q^j)=b_q:=\frac{2(q-1)}{q+1} | \quad(q\equiv1\pmod4,\ j\g	SR-STR-227:1.76:Canonical exactly-one directional chamber asymptotic and non-2:1:1 limit law; SR-STR-033:1.71:Mod-7 two-parameter exactly-one-face family; SR-STR-085:1.57:Cross-gcd primitive-scale factorization and physical diagonal product; SR-STR-063:1.46:Tau pushforward invariant and collision receiver; SR-STR-197:1.43:Four-root rank-one difference-kernel lattice and dual-switch residue lock; SR-STR-039:1.43:Stage14 integral-space exactly-two half-power upper theorem	
SRC-0992BB6B8575	stages/stage12/archive/docs/stage12-n1-3j-weighted-l1-and-vertical-closure.md	SUPPORTING_MATH_DOC		# Stage12-N1-3j：weighted l1 Euler product と vertical growth の最終明示化 | > **STATUS:** `FINAL_SELF_CONTAINMENT_DETAIL_CLOSED_IN_TEXT` | > | > **SCOPE:** Stage12-N1-2 primitive oriented count | > | > **PARENT:** `docs/stage12-n1-3i-final-reference-closure.md` | > | > **THEOREM_STATUS:** `SELF_CONTAINED_AT_STATED_EXTERNAL_THEOREM_LEVEL` | ## 0. 目的 | Stage12-N1-3i は、旧2pへの active dependency を除き、 | \[ | B_\beta(X)\ll X | \] | および coprime cross correction の | \[ | M_\delta | := | \sum_{a,b\ge1} | \frac{|c(a,b)|}{(ab)^{1/2+\delta}} | <\infty | \] | を現行定義から導いた。 | その後の外部再検算は、3i §2.1--§2.2 の局所代数と | \[ | \|C_q-1\|_\delta\ll_\delta q^{-1-2\delta} | \] | を独立に再計算して一致を確認した。一方、 | ```text | sum_q ||C_q-1||_delta < infinity | => | coefficient weighted l1 norm of prod_q C_q is finite | ``` | の最終移行が標準的事実として一文で処理されていた。また 3i §3 の vertical-growth 記述について、functional 	SR-STR-227:1.89:Canonical exactly-one directional chamber asymptotic and non-2:1:1 limit law; SR-STR-085:1.77:Cross-gcd primitive-scale factorization and physical diagonal product; SR-STR-002:1.67:Saunderson parametrization of primitive Euler bricks; SR-STR-039:1.63:Stage14 integral-space exactly-two half-power upper theorem; SR-STR-226:1.53:Primitive oriented integral-space one-face incidence asymptotic; SR-STR-027:1.50:Weighted coprime rectangle convolution	
SRC-B526E58BFAE8	stages/stage12/archive/docs/workflow-cleanup-note.md	SUPPORTING_MATH_DOC		# Workflow cleanup note | この整理では、Stage12-N1-2 の完成ルートに直接対応していた次の専用workflowを廃止した。 | - Stage12-N1-2l hypothesis audit | - Stage12-N1-2m iterated Selberg–Delange audit | - Stage12-N1-2n coupled-region audit | - Stage12-N1-2o analytic-closure audit | - Stage12-N1-2p final-bookkeeping audit | - R04 review bundle | - R05 review bundle | 代替は `.github/workflows/review-bundle.yml` の1本である。古い研究段階の再現用スクリプト・JSON・文書は削除せず、履歴として保持する。	SR-STR-031:0.92:Finite-order Selberg-Delange theorem contract; SR-STR-226:0.69:Primitive oriented integral-space one-face incidence asymptotic; SR-STR-033:0.64:Mod-7 two-parameter exactly-one-face family; SR-STR-193:0.55:E-column Walsh collapse and root-sawtooth spacing closure; SR-STR-018:0.46:Matched face-space population cross-ratio invariant; SR-STR-103:0.45:Space-diagonal torus factorization and squareclass receiver	
SRC-024B26CBA773	stages/stage12/archive/review/manifests/README-R02-EXTRACTOR-FIX.md	SUPPORTING_MATH_DOC		# Stage12-N1-2 review bundle R02 extractor compatibility | R01 remains immutable and contains the complete embedded research payload. Some AI readability extractors returned only the HTML `<main>` element, while the R01 bundle handshake was outside `<main>` in `<header>` and `<footer>`. | R02 preserves the same canonical research payload (`CONTENT_SHA256=201cad458d172e0939e5508b78e6e06abe894d908390f0c1b54c51a16e63d586`) and repeats the full handshake four times inside `<main>`: | - `START_OF_MAIN` | - `BEFORE_EMBEDDED_SOURCES` | - `AFTER_EMBEDDED_SOURCES` | - `END_OF_MAIN` | Current page after merge: | `review/PC-N1-2-PROOF-REVIEW-20260806-R02.html`	SR-STR-142:1.03:Ambient integral-space-diagonal cuboid asymptotic and zero-face dominance; SR-STR-050:1.02:Proportional four-cell root-gcd transfer; SR-STR-171:1.00:Localized unitary-divisor shadow gate; SR-STR-130:0.94:Nonclosure certificate for the current wall-averaging arsenal; SR-STR-055:0.94:Literal exactly-two-face space-diagonal subset contract; SR-STR-222:0.92:Fixed-U canonical-LPF projective Gaussian residue receiver chain	
SRC-1626960A877A	stages/stage12/archive/review/manifests/stage12-n1-2-final-full-rereview-manifest-20260807-r04.md	SUPPORTING_MATH_DOC		# Stage12-N1-2 final full re-review manifest R04 | > **BUNDLE_ID:** `PC-N1-2-FINAL-FULL-REREVIEW-20260807-R04` | > | > **COMPLETED_THROUGH:** `Stage12-N1-3e` | > | > **SOURCE_SNAPSHOT_COMMIT:** `efe6ba788fa30e2c8f33b9cc98f99006dde34775` | > | > **SOURCE_LEDGER_SHA256:** `9938c98890850d545704128cb5a06c98cbc1422dfa14b0717a87abb1ea414435` | > | > **FINAL_DOCUMENT:** `docs/stage12-n1-2-final-r03.md` | > | > **REVIEW_PAGE:** `review/PC-N1-2-FINAL-FULL-REREVIEW-20260807-R04.html` | > | > **THEOREM_STATUS:** `FULL_ZERO_BASE_REREVIEW_CANDIDATE` | ## Mandatory handshake | Before mathematical review, reproduce exactly: | ```text | BUNDLE_ID=PC-N1-2-FINAL-FULL-REREVIEW-20260807-R04 | COMPLETED_THROUGH=Stage12-N1-3e | SOURCE_SNAPSHOT_COMMIT=efe6ba788fa30e2c8f33b9cc98f99006dde34775 | SOURCE_LEDGER_SHA256=9938c98890850d545704128cb5a06c98cbc1422dfa14b07	SR-STR-033:0.64:Mod-7 two-parameter exactly-one-face family; SR-STR-226:0.55:Primitive oriented integral-space one-face incidence asymptotic; SR-STR-193:0.55:E-column Walsh collapse and root-sawtooth spacing closure; SR-STR-004:0.45:Space-diagonal one-face transition asymptotic; SR-STR-067:0.43:Fixed-tau ambient conic before the space-square filter; SR-STR-039:0.41:Stage14 integral-space exactly-two half-power upper theorem	SRC-16E07847B918|stages/stage12/archive/docs/stage12-n1-2-final-r04.md|SR-STR-226; SRC-F8BDFF1C677B|stages/stage12/archive/docs/stage12-n1-2-final-r08-self-contained.md|SR-STR-226; SRC-C0ECFA1DE2CE|stages/stage12/archive/docs/stage12-n1-2-final-r07-self-contained.md|SR-STR-226; SRC-7522A92BE1DD|stages/stage12/archive/docs/stage12-n1-2-final-r03.md|SR-STR-226
SRC-76C47BF188C5	stages/stage12/archive/review/manifests/stage12-n1-2-final-full-rereview-manifest-20260807-r05.md	SUPPORTING_MATH_DOC		# Stage12-N1-2 final full re-review manifest R05 | > **BUNDLE_ID:** `PC-N1-2-FINAL-FULL-REREVIEW-20260807-R05` | > | > **COMPLETED_THROUGH:** `Stage12-N1-3f` | > | > **SOURCE_SNAPSHOT_COMMIT:** `b0208ce33204a3c5f5a52afec146b08a313203f1` | > | > **SOURCE_LEDGER_SHA256:** `f758808bc7f36307b9abcb2b6038ce497735619382fc7bc3056c65cc246cf16f` | > | > **FINAL_DOCUMENT:** `docs/stage12-n1-2-final-r04.md` | > | > **REVIEW_PAGE:** `review/PC-N1-2-FINAL-FULL-REREVIEW-20260807-R05.html` | > | > **THEOREM_STATUS:** `FULL_ZERO_BASE_REREVIEW_CANDIDATE_AFTER_R04_REPAIR` | ## Mandatory handshake | Before mathematical review, reproduce exactly: | ```text | BUNDLE_ID=PC-N1-2-FINAL-FULL-REREVIEW-20260807-R05 | COMPLETED_THROUGH=Stage12-N1-3f | SOURCE_SNAPSHOT_COMMIT=b0208ce33204a3c5f5a52afec146b08a313203f1 | SOURCE_LEDGER_SHA256=f758808bc7f36307b9abcb2b6038ce	SR-STR-033:0.64:Mod-7 two-parameter exactly-one-face family; SR-STR-226:0.55:Primitive oriented integral-space one-face incidence asymptotic; SR-STR-193:0.55:E-column Walsh collapse and root-sawtooth spacing closure; SR-STR-004:0.45:Space-diagonal one-face transition asymptotic; SR-STR-067:0.43:Fixed-tau ambient conic before the space-square filter; SR-STR-039:0.41:Stage14 integral-space exactly-two half-power upper theorem	SRC-043B68A18127|stages/stage12/archive/docs/stage12-n1-2-final-r05.md|SR-STR-226; SRC-F8BDFF1C677B|stages/stage12/archive/docs/stage12-n1-2-final-r08-self-contained.md|SR-STR-226; SRC-C0ECFA1DE2CE|stages/stage12/archive/docs/stage12-n1-2-final-r07-self-contained.md|SR-STR-226; SRC-7522A92BE1DD|stages/stage12/archive/docs/stage12-n1-2-final-r03.md|SR-STR-226
SRC-A5BE4E93FE95	stages/stage12/archive/review/manifests/stage12-n1-2-final-full-rereview-manifest-20260807-r06.md	SUPPORTING_MATH_DOC		# Stage12-N1-2 final full re-review manifest R06 | > **BUNDLE_ID:** `PC-N1-2-FINAL-FULL-REREVIEW-20260807-R06` | > | > **COMPLETED_THROUGH:** `Stage12-N1-3g` | > | > **SOURCE_SNAPSHOT_COMMIT:** `c9a91650bece7a2173af4f495212faf1a1054aeb` | > | > **SOURCE_LEDGER_SHA256:** `511a055bd243e0b4f40d554c949e5c1c52db1cc412bcadae55eb8b99e6de2e49` | > | > **FINAL_DOCUMENT:** `docs/stage12-n1-2-final-r05.md` | > | > **REVIEW_PAGE:** `review/PC-N1-2-FINAL-FULL-REREVIEW-20260807-R06.html` | > | > **THEOREM_STATUS:** `FULL_ZERO_BASE_REREVIEW_CANDIDATE_AFTER_R05_REPAIR` | ## Mandatory handshake | Before mathematical review, reproduce exactly: | ```text | BUNDLE_ID=PC-N1-2-FINAL-FULL-REREVIEW-20260807-R06 | COMPLETED_THROUGH=Stage12-N1-3g | SOURCE_SNAPSHOT_COMMIT=c9a91650bece7a2173af4f495212faf1a1054aeb | SOURCE_LEDGER_SHA256=511a055bd243e0b4f40d554c949e5c	SR-STR-033:0.64:Mod-7 two-parameter exactly-one-face family; SR-STR-226:0.55:Primitive oriented integral-space one-face incidence asymptotic; SR-STR-193:0.55:E-column Walsh collapse and root-sawtooth spacing closure; SR-STR-004:0.45:Space-diagonal one-face transition asymptotic; SR-STR-067:0.43:Fixed-tau ambient conic before the space-square filter; SR-STR-039:0.41:Stage14 integral-space exactly-two half-power upper theorem	SRC-259AFAC084CB|stages/stage12/archive/docs/stage12-n1-2-final-r06-zero-base.md|SR-STR-226; SRC-F8BDFF1C677B|stages/stage12/archive/docs/stage12-n1-2-final-r08-self-contained.md|SR-STR-226; SRC-C0ECFA1DE2CE|stages/stage12/archive/docs/stage12-n1-2-final-r07-self-contained.md|SR-STR-226; SRC-7522A92BE1DD|stages/stage12/archive/docs/stage12-n1-2-final-r03.md|SR-STR-226
SRC-803D6D336CDF	stages/stage12/archive/review/manifests/stage12-n1-2-final-self-contained-manifest-20260807-r08.md	SUPPORTING_MATH_DOC		# Stage12-N1-2 final self-contained manifest R08 | > **BUNDLE_ID:** `PC-N1-2-FINAL-SELF-CONTAINED-20260807-R08` | > | > **COMPLETED_THROUGH:** `Stage12-N1-3i` | > | > **SOURCE_SNAPSHOT_COMMIT:** `4fa4c70ad375dc90c5a99cd8d39f4caf4c47ff34` | > | > **SOURCE_LEDGER_SHA256:** `77b40002d4534ee5e24f8d7f711e7f12d1ea51994d58affe49e161cf33f71248` | > | > **HISTORICAL_PROVENANCE_COMMIT:** `8d6910e8e68145e474f92716460a1cc6f384ecf1` | > | > **CONTENT_SHA256:** `8ccbeca25711e9b793b5a86a0ebdcfaeb1164d1edc1798c35929d3e3ce191e3a` | > | > **FINAL_DOCUMENT:** `docs/stage12-n1-2-final-r07-self-contained.md` | > | > **PHYSICAL_PAGE:** `review/PC-N1-2-FINAL-SELF-CONTAINED-20260807-R08.html` | > | > **DOCUMENT_STATUS:** `SELF_CONTAINED_AT_STATED_EXTERNAL_THEOREM_LEVEL` | ## Scope | This bundle freezes the Stage12-N1-2 proof of the primitive oriented asymptotic 	SR-STR-226:0.97:Primitive oriented integral-space one-face incidence asymptotic; SR-STR-004:0.89:Space-diagonal one-face transition asymptotic; SR-STR-002:0.74:Saunderson parametrization of primitive Euler bricks; SR-STR-142:0.74:Ambient integral-space-diagonal cuboid asymptotic and zero-face dominance; SR-STR-208:0.66:Canonical three-divisor allocation and opposite-reciprocal Gaussian norm root selector; SR-STR-033:0.64:Mod-7 two-parameter exactly-one-face family	SRC-F8BDFF1C677B|stages/stage12/archive/docs/stage12-n1-2-final-r08-self-contained.md|SR-STR-226; SRC-C0ECFA1DE2CE|stages/stage12/archive/docs/stage12-n1-2-final-r07-self-contained.md|SR-STR-226; SRC-7522A92BE1DD|stages/stage12/archive/docs/stage12-n1-2-final-r03.md|SR-STR-226; SRC-5734043C488C|stages/stage12/archive/docs/stage12-n1-2-final-r02.md|SR-STR-226
SRC-58C07849E8E3	stages/stage12/archive/review/manifests/stage12-n1-2-final-zero-base-rereview-manifest-20260807-r07.md	SUPPORTING_MATH_DOC		# Stage12-N1-2 physical zero-base full re-review manifest R07 | > **BUNDLE_ID:** `PC-N1-2-FINAL-ZERO-BASE-REREVIEW-20260807-R07` | > | > **COMPLETED_THROUGH:** `Stage12-N1-3h` | > | > **SOURCE_SNAPSHOT_COMMIT:** `1cc47f22be84e2924671294c88f2613d7cbafcd4` | > | > **SOURCE_LEDGER_SHA256:** `9e8fe78faca3e30f9bfa9db9ef5cfd7b5c33187e94889c46aa3ab83b011c6f98` | > | > **HISTORICAL_PROVENANCE_COMMIT:** `8d6910e8e68145e474f92716460a1cc6f384ecf1` | > | > **FINAL_DOCUMENT:** `docs/stage12-n1-2-final-r06-zero-base.md` | > | > **REVIEW_PAGE:** `review/PC-N1-2-FINAL-ZERO-BASE-REREVIEW-20260807-R07.html` | > | > **THEOREM_STATUS:** `FULL_ZERO_BASE_REREVIEW_CANDIDATE_WITH_PROVENANCE` | ## Mandatory source check | Confirm that the physical page contains `CHECKPOINT=START_OF_MAIN`, all eight embedded sources, `CHECKPOINT=END_OF_MAIN`, and the exact end mar	SR-STR-084:0.98:Exact normalized physical-height identity with primitive scale retained; SR-STR-114:0.91:Full-2-torsion Selmer support under a physical cutoff; SR-STR-083:0.90:Fixed-tau coarse-height half-power saturation family; SR-STR-069:0.85:Reduced tau core-scale decomposition; SR-STR-073:0.82:Space-filtered fixed-tau genus-one fiber; SR-STR-198:0.78:Balanced Gaussian square-divisor common-core compression with CRT line rigidity	SRC-C0ECFA1DE2CE|stages/stage12/archive/docs/stage12-n1-2-final-r07-self-contained.md|SR-STR-226; SRC-F8BDFF1C677B|stages/stage12/archive/docs/stage12-n1-2-final-r08-self-contained.md|SR-STR-226; SRC-7522A92BE1DD|stages/stage12/archive/docs/stage12-n1-2-final-r03.md|SR-STR-226; SRC-5734043C488C|stages/stage12/archive/docs/stage12-n1-2-final-r02.md|SR-STR-226
SRC-3FC7FD3D84AD	stages/stage12/archive/review/manifests/stage12-n1-2-full-audit-r01.md	SUPPORTING_MATH_DOC		# Stage12-N1-2 本格監査報告 R01 | 監査日: 2026-08-07 | 対象: `stage12-n1-2-final.txt` および `PC-N1-2J-2P-PROOF-CHAIN-20260807-R01.html` | 対象証明鎖: Stage12-N1-2j から 2p | 判定: **REPAIRABLE** | ## 1. 総合判定 | 提示された証明鎖には、最終漸近式 | \[ | C_{\rm prim}(B)\sim \frac{\kappa}{12\pi}B(\log B)^3 | \] | を支持する一貫した修復方針があります。特に、2lで de la Bretèche の直接適用を撤回し、2mから2pで一変数 Selberg–Delange、coprime cross correction、一様長方形和へ切り替えた判断は論理的に整合しています。 | しかし、現状の文書だけから最終定理を `CLOSED` と判定することはできません。理由は、次の3件の実質的な論証不足と、2件の依存資料不足です。 | - **MAJOR-01**: 一様長方形補題の大係数領域で、実際に得た指数から最終表示の指数へ不正に強化しています。 | - **MAJOR-02**: fixed-\((r,s)\) remainder で、zero-free-region saving を畳み込み全域へ一様に引き出す手順が未証明です。 | - **MAJOR-03**: 長方形主項を結合領域へ移送して正確な係数 \(1/12\) を得る部分が概要に留まり、radial kernel、divisor variables、parity/orientation factorを含む完全な Stieltjes 計算がありません。 | - **MAJOR-04**: 監査バンドルに `C_prim(B)` の完全な定義元である2bと、\(\kappa\) の完全な定義元	SR-STR-226:1.66:Primitive oriented integral-space one-face incidence asymptotic; SR-STR-004:1.57:Space-diagonal one-face transition asymptotic; SR-STR-091:1.31:Squarefree-kernel paired-slope residue receiver; SR-STR-227:1.26:Canonical exactly-one directional chamber asymptotic and non-2:1:1 limit law; SR-STR-005:1.25:No-space one-face to two-face transition asymptotic; SR-STR-085:1.18:Cross-gcd primitive-scale factorization and physical diagonal product	SRC-F8BDFF1C677B|stages/stage12/archive/docs/stage12-n1-2-final-r08-self-contained.md|SR-STR-226; SRC-C0ECFA1DE2CE|stages/stage12/archive/docs/stage12-n1-2-final-r07-self-contained.md|SR-STR-226; SRC-7522A92BE1DD|stages/stage12/archive/docs/stage12-n1-2-final-r03.md|SR-STR-226; SRC-5734043C488C|stages/stage12/archive/docs/stage12-n1-2-final-r02.md|SR-STR-226
SRC-DE0BF77E5CE1	stages/stage12/archive/review/manifests/stage12-n1-2-limited-rereview-manifest-20260807-r03.md	SUPPORTING_MATH_DOC		# Stage12-N1-2 limited re-review manifest R03 | > **BUNDLE_ID:** `PC-N1-2-LIMITED-REREVIEW-20260807-R03` | > | > **COMPLETED_THROUGH:** `Stage12-N1-3e` | > | > **SOURCE_SNAPSHOT_COMMIT:** `bd8fe51b4466ddc91276f9f7699f3a8bdb490f4c` | > | > **SOURCE_LEDGER_SHA256:** `a752f5f42c17944c09d2d8ebff6432f74d772b88d5463d2aa3af0fbd5069b774` | > | > **PARENT_BUNDLE:** `PC-N1-2-REPAIRED-PROOF-20260807-R02` | > | > **LAST_SOURCE_DOCUMENT:** `docs/stage12-n1-3e-local-gap-closure.md` | > | > **THEOREM_STATUS:** `REPAIRED_CANDIDATE_PENDING_LIMITED_REAUDIT` | > | > **REVIEW_PAGE:** `review/PC-N1-2-LIMITED-REREVIEW-20260807-R03.html` | ## Mandatory handshake | Before mathematical review, reproduce exactly: | ```text | BUNDLE_ID=PC-N1-2-LIMITED-REREVIEW-20260807-R03 | COMPLETED_THROUGH=Stage12-N1-3e | SOURCE_SNAPSHOT_COMMIT=bd8fe51b4466ddc91276f9f7699f3a8bdb	SR-STR-033:0.64:Mod-7 two-parameter exactly-one-face family; SR-STR-183:0.51:Exact eight-state Q2 Kummer covering image; SR-STR-004:0.45:Space-diagonal one-face transition asymptotic; SR-STR-067:0.43:Fixed-tau ambient conic before the space-square filter; SR-STR-017:0.42:Euler third-face local blocker law and dimension-two sieve; SR-STR-226:0.42:Primitive oriented integral-space one-face incidence asymptotic	SRC-7522A92BE1DD|stages/stage12/archive/docs/stage12-n1-2-final-r03.md|SR-STR-226; SRC-F8BDFF1C677B|stages/stage12/archive/docs/stage12-n1-2-final-r08-self-contained.md|SR-STR-226; SRC-C0ECFA1DE2CE|stages/stage12/archive/docs/stage12-n1-2-final-r07-self-contained.md|SR-STR-226; SRC-5734043C488C|stages/stage12/archive/docs/stage12-n1-2-final-r02.md|SR-STR-226
SRC-FA913FA027AB	stages/stage12/archive/review/manifests/stage12-n1-2-repaired-review-manifest-20260807-r02.md	SUPPORTING_MATH_DOC		# Stage12-N1-2 repaired proof review manifest R02 | > **BUNDLE_ID:** `PC-N1-2-REPAIRED-PROOF-20260807-R02` | > | > **COMPLETED_THROUGH:** `Stage12-N1-3d` | > | > **SOURCE_SNAPSHOT_COMMIT:** `08a3bc0b8428f9c620269da9b488e8b849cf909c` | > | > **SOURCE_LEDGER_SHA256:** `26528cd336fe4b6ce5bc70bdca368ad605f29f711bec71e34a6427d98b3560dc` | > | > **LAST_SOURCE_DOCUMENT:** `docs/stage12-n1-2-final-r02.md` | > | > **THEOREM_STATUS:** `REPAIRED_CANDIDATE_PENDING_INDEPENDENT_REAUDIT` | > | > **REVIEW_PAGE:** `review/PC-N1-2-REPAIRED-PROOF-20260807-R02.html` | ## Mandatory handshake | Before mathematical review, reproduce exactly: | ```text | BUNDLE_ID=PC-N1-2-REPAIRED-PROOF-20260807-R02 | COMPLETED_THROUGH=Stage12-N1-3d | SOURCE_SNAPSHOT_COMMIT=08a3bc0b8428f9c620269da9b488e8b849cf909c | SOURCE_LEDGER_SHA256=26528cd336fe4b6ce5bc70bdca368ad605f29f711b	SR-STR-033:0.64:Mod-7 two-parameter exactly-one-face family; SR-STR-226:0.55:Primitive oriented integral-space one-face incidence asymptotic; SR-STR-004:0.45:Space-diagonal one-face transition asymptotic; SR-STR-067:0.43:Fixed-tau ambient conic before the space-square filter; SR-STR-193:0.41:E-column Walsh collapse and root-sawtooth spacing closure; SR-STR-039:0.41:Stage14 integral-space exactly-two half-power upper theorem	SRC-5734043C488C|stages/stage12/archive/docs/stage12-n1-2-final-r02.md|SR-STR-226; SRC-F8BDFF1C677B|stages/stage12/archive/docs/stage12-n1-2-final-r08-self-contained.md|SR-STR-226; SRC-C0ECFA1DE2CE|stages/stage12/archive/docs/stage12-n1-2-final-r07-self-contained.md|SR-STR-226; SRC-7522A92BE1DD|stages/stage12/archive/docs/stage12-n1-2-final-r03.md|SR-STR-226
SRC-B452D28F3598	stages/stage12/archive/review/manifests/stage12-n1-2b-to-2k-review-manifest-20260806-1545.md	SUPPORTING_MATH_DOC		# Stage12-N1-2b〜2k adversarial review manifest | > **DOCUMENT_ID:** `PC-N1-REVIEW-2B-2K-20260806-1545-JST` | > | > **COMPLETED_THROUGH:** `Stage12-N1-2k` | > | > **SOURCE_SNAPSHOT_COMMIT:** `5ae4057e8a83a23d7accee5b5145290e2a65e198` | > | > **LAST_SOURCE_DOCUMENT:** `docs/stage12-n1-2k-final-remainder.md` | > | > **SERIES_STATUS:** `Derivation stopped after 2k; adversarial review pending` | > | > **CREATED_AT_JST:** `2026-08-06 15:45` | ## Mandatory handshake before review | Before performing any mathematical assessment, output these four lines exactly as read from this document: | ```text | DOCUMENT_ID=PC-N1-REVIEW-2B-2K-20260806-1545-JST | COMPLETED_THROUGH=Stage12-N1-2k | SOURCE_SNAPSHOT_COMMIT=5ae4057e8a83a23d7accee5b5145290e2a65e198 | LAST_SOURCE_DOCUMENT=docs/stage12-n1-2k-final-remainder.md | ``` | If you cannot reproduce them exac	SR-STR-222:0.64:Fixed-U canonical-LPF projective Gaussian residue receiver chain; SR-STR-126:0.58:Monotone transfer of a wall moment deficit to N2; SR-STR-176:0.57:Compact rational-2-torsion translation and canonical physical denominator; SR-STR-193:0.55:E-column Walsh collapse and root-sawtooth spacing closure; SR-STR-187:0.55:Same-measure fixed-prime ordered-limit squareclass sieve; SR-STR-113:0.54:Delta fibers as descent coverings of one Mordell-Weil group	
SRC-B588783E5751	stages/stage12/archive/review/stage12-n1-2-proof-review-r04.md	SUPPORTING_MATH_DOC		# Stage12-N1-2 final review bundle R04 | BUNDLE_ID=PC-N1-2-PROOF-REVIEW-R04 | COMPLETED_THROUGH=Stage12-N1-2o | SOURCE_SNAPSHOT_COMMIT=8b5622c9aaf3af718f2ee493383b9c084e2333ef | CONTENT_SHA256=b38406a45e88286d8c5df8dacfba1e00d4b8cb1b01fe7bf4fbaab34378dc8ac9 | LAST_SOURCE_DOCUMENT=docs/stage12-n1-2o-analytic-closure.md | SOURCE_COUNT=3 | CREATED_UTC=2026-08-06T12:36:40+00:00 | END_OF_BUNDLE=PC-N1-2-PROOF-REVIEW-R04 | CHECKPOINT=START_OF_MAIN | # Review instructions | Conduct an adversarial final review of the repair chain through Stage12-N1-2o. | Do not infer omitted text. Verify the following points explicitly: | 1. The Euler-product proof that J(s) is regular and nonvanishing on Re(s)>1/2+epsilon. | 2. Whether the stated one-variable Selberg-Delange/Perron input is sufficient and used uniformly. | 3. Whether weighted absolute convergence	SR-STR-226:1.80:Primitive oriented integral-space one-face incidence asymptotic; SR-STR-060:1.80:Constant-u bisection genus and physical-degeneration barrier; SR-STR-057:1.46:Toric master space-diagonal receiver on the two-face host; SR-STR-003:1.43:Degree-two K3 cover of the two-face toric Euler-brick host; SR-STR-170:1.40:Reciprocal squareclass divisor-window transfer gate; SR-STR-227:1.39:Canonical exactly-one directional chamber asymptotic and non-2:1:1 limit law	SRC-16E07847B918|stages/stage12/archive/docs/stage12-n1-2-final-r04.md|SR-STR-226; SRC-F8BDFF1C677B|stages/stage12/archive/docs/stage12-n1-2-final-r08-self-contained.md|SR-STR-226; SRC-C0ECFA1DE2CE|stages/stage12/archive/docs/stage12-n1-2-final-r07-self-contained.md|SR-STR-226; SRC-7522A92BE1DD|stages/stage12/archive/docs/stage12-n1-2-final-r03.md|SR-STR-226
SRC-59C88844E6CC	stages/stage12/archive/review/stage12-n1-2-proof-review-r05.md	SUPPORTING_MATH_DOC		# Stage12-N1-2 final bookkeeping review bundle — R05 | This is an incremental patch bundle. Read the previously supplied R03 full-chain bundle first, then R04, then this R05 bundle. Where statements conflict, the later bundle prevails. | ## Machine-readable handshake — START_OF_MAIN | ```text | BUNDLE_ID=PC-N1-2-PROOF-REVIEW-R05 | COMPLETED_THROUGH=Stage12-N1-2p | SOURCE_SNAPSHOT_COMMIT=6f3a951b0234058aea6bfe03fc4e28a3de07ebc9 | CONTENT_SHA256=8f3695c1a74b2de61b7d6e2d454f93ceb4356e2902bdb30177b43ac58bbb9744 | LAST_SOURCE_DOCUMENT=docs/stage12-n1-2p-final-bookkeeping.md | END_OF_BUNDLE=PC-N1-2-PROOF-REVIEW-R05 | CHECKPOINT=START_OF_MAIN | ``` | ## Mandatory adversarial review protocol | Review the final route `2j -> 2k -> 2l -> 2m -> 2n -> 2o -> 2p` and focus on the two remaining Round-2 MINOR items: | 1. Verify that the cited Selberg–Dela	SR-STR-057:1.46:Toric master space-diagonal receiver on the two-face host; SR-STR-003:1.22:Degree-two K3 cover of the two-face toric Euler-brick host; SR-STR-101:1.15:State-G local blocker transfer to the space diagonal; SR-STR-217:1.12:Collective fixed-degree stratum proliferation reverse-count budget; SR-STR-191:1.09:Non-independent weighted local-Sha-height retainer chain; SR-STR-060:1.08:Constant-u bisection genus and physical-degeneration barrier	SRC-043B68A18127|stages/stage12/archive/docs/stage12-n1-2-final-r05.md|SR-STR-226; SRC-F8BDFF1C677B|stages/stage12/archive/docs/stage12-n1-2-final-r08-self-contained.md|SR-STR-226; SRC-C0ECFA1DE2CE|stages/stage12/archive/docs/stage12-n1-2-final-r07-self-contained.md|SR-STR-226; SRC-7522A92BE1DD|stages/stage12/archive/docs/stage12-n1-2-final-r03.md|SR-STR-226
SRC-103F12267503	stages/stage12/archive/workflows/README.md	SUPPORTING_MATH_DOC		# Frozen Stage12 workflows | These workflows are retained verbatim as Stage12 audit/build history. Stage12 is frozen at R09, so they are intentionally stored outside `.github/workflows/` and do not run automatically on Stage13 or repository-organization changes. | If Stage12 is deliberately reopened for a concrete mathematical issue or publication task, copy only the required workflow back into `.github/workflows/` and update its paths to the current archive/canonical layout before running it.	SR-STR-129:1.89:Missing T-to-MAIN measure adapter for weighted averaging; SR-STR-226:1.53:Primitive oriented integral-space one-face incidence asymptotic; SR-STR-108:1.49:Explicit moduli map and geometric twist split; SR-STR-061:1.48:Affine-linear moving-u multisection discriminant classification; SR-STR-114:1.46:Full-2-torsion Selmer support under a physical cutoff; SR-STR-111:1.39:Pointwise fixed q1-delta subpower count and uniformity firewall	SRC-88BE6A73D6E6|stages/stage14/data/14-num-alpha11-diag10/README.md|SR-STR-034; SRC-7CE38CB1702B|stages/stage15/README.md|SR-STR-001,SR-STR-039,SR-STR-144; SRC-3E1FDACA4EC9|stages/stage14/data/14-s4c/README.md|SR-STR-217
SRC-E24D88717D6D	stages/stage13/archive/INDEX.md	SUPPORTING_MATH_DOC		# Stage13 archive index | - `tasks/`: chronological task results and review preparation bundles. | - `operations/`: superseded working policy, roadmap, and initial sources. | - `review/`: R01 through R06 external-review pages. | - `workflows/`: completed Stage13 GitHub Actions workflows. | These files are provenance. Use `../final.md` and `../manifest-r07.md` for | normal reading.	SR-STR-144:0.77:Shared-edge double-Pythagorean normal form for the exactly-two-face host; SR-STR-207:0.73:Nested primitive-slope acceptance and canonical two-factor density receiver; SR-STR-226:0.55:Primitive oriented integral-space one-face incidence asymptotic; SR-STR-193:0.55:E-column Walsh collapse and root-sawtooth spacing closure; SR-STR-179:0.54:Full-radical squarefree CRT projective-line incidence cover; SR-STR-220:0.53:Higher-cell torus-quotient barrier for shared-squareclass detectors	
SRC-BA60ADB95AE8	stages/stage13/archive/operations/initial/definition.md	SUPPORTING_MATH_DOC		# Stage13-1 — observed 2:1:1 ratio の定義 | ## 0. 目的 | Stage13 の目的は、比が厳密に `2:1:1` であることを先に仮定して証明することではない。 | 本稿では、有限計算で観測された `2:1:1` に近い方向別比率について、何を数え、どの同値関係と切断を用い、どの極限問題を研究するのかを固定する。 | --- | ## 1. 基本対象 | 正整数四つ組 | \[ | (a,b,c,d)\in\mathbf Z_{>0}^4 | \] | で、次を満たすものを考える。 | \[ | a<b<c, | \qquad | \gcd(a,b,c)=1, | \qquad | a^2+b^2+c^2=d^2. | \] | ここで `a<b<c` は辺の置換を一意に代表させる canonical ordering、`gcd(a,b,c)=1` は拡大コピーを除く primitive 条件である。狭義不等号を採用するため、`a=b` または `b=c` となる等辺の境界ケースは本稿の研究対象から除外する。なお、`a=b` または `b=c` の場合には二つの面平方和が一致するため、整数面対角線の本数は 0 本または 2 本以上となり、exactly one face 条件を満たさない。 | 三つの面平方和を | \[ | Q_{ab}=a^2+b^2, | \qquad | Q_{ac}=a^2+c^2, | \qquad | Q_{bc}=b^2+c^2 | \] | とする。 | 本稿で `Q=\square` と書くときは、ある `m\in\mathbf Z_{>0}` が存在して `Q=m^2` となること、すなわち `Q` が正整数の平方であることを意味する。 | Stage13 で扱う one-face object は、`Q_ab`, `Q_ac`, `Q_bc` のうち **ちょうど一つだけ** が平方数であ	SR-STR-227:2.14:Canonical exactly-one directional chamber asymptotic and non-2:1:1 limit law; SR-STR-039:2.04:Stage14 integral-space exactly-two half-power upper theorem; SR-STR-033:1.92:Mod-7 two-parameter exactly-one-face family; SR-STR-001:1.88:Primitive canonical cuboid population convention; SR-STR-055:1.70:Literal exactly-two-face space-diagonal subset contract; SR-STR-007:1.70:Directional exactly-two face-mask identities	
SRC-B6F805F22740	stages/stage13/archive/operations/initial/structural-decomposition.md	SUPPORTING_MATH_DOC		# Stage13-2 — observed 2:1:1 ratio の構造分解 | ## 0. 目的 | Stage13-1 は、primitive、canonical ordering `a<b<c`、space-diagonal cutoff `d<=B`、exactly one integer face diagonal という counting convention を固定した。 | 本稿の目的は、方向別 count | \[ | \mathbf N(B) | = | \bigl(N_{ab}(B),N_{ac}(B),N_{bc}(B)\bigr) | \] | を、後続段階で個別に解析できる構造へ分解することである。 | この段階では、比が厳密に `2:1:1` であること、各成分の漸近式、Stage12 の `C_{\rm prim}(B)` との定数倍関係、または Euler 積による因子分解を主張しない。 | --- | ## 1. 基礎母集団 | `B\in\mathbf Z_{\ge1}` に対し、 | \[ | \mathcal U(B) | = | \left\{ | (a,b,c,d)\in\mathbf Z_{>0}^4: | \begin{array}{l} | a<b<c,\\ | \gcd(a,b,c)=1,\\ | a^2+b^2+c^2=d^2,\\ | d\le B | \end{array} | \right\} | \] | とする。 | `\mathcal U(B)` では、整数面対角線の本数をまだ指定しない。 | 各 `x=(a,b,c,d)\in\mathcal U(B)` に対し、 | \[ | I_{ab}(x)=1_{a^2+b^2=\square}, | \qquad | I_{ac}(x)=1_{a^2+c^2=\square}, | \qquad | I_{bc}(x)=1_{b^2+c^2=\square	SR-STR-227:2.27:Canonical exactly-one directional chamber asymptotic and non-2:1:1 limit law; SR-STR-039:2.25:Stage14 integral-space exactly-two half-power upper theorem; SR-STR-033:2.13:Mod-7 two-parameter exactly-one-face family; SR-STR-001:2.09:Primitive canonical cuboid population convention; SR-STR-055:2.08:Literal exactly-two-face space-diagonal subset contract; SR-STR-008:1.83:Thin but infinite space-diagonal cover of the exactly-two-face host	
SRC-E8113AD8DF3F	stages/stage13/archive/operations/policy.md	SUPPORTING_MATH_DOC		# Stage13 working-file policy | > **STATUS:** `ACTIVE_POLICY` | > | > **SCOPE:** Stage13 structural analysis | > | > **CANONICAL_WORKING_FILE:** `stages/stage13/main.md` | ## 1. 基本方針 | Stage13 の数学本体は、原則として **一つの canonical working file** に集約する。 | ```text | stages/stage13/main.md | ``` | Task 13-1, 13-2, 13-3, ... は、この一つの文書の section として順に育てる。 | Stage12 のように、修正ごとに `3a`, `3b`, `3c`, ... 型の patch document を増やす運用は Stage13 では標準にしない。 | ## 2. 修正方法 | 数学的な誤り、記述不足、定義変更、補題修正が見つかった場合は、原則として `stages/stage13/main.md` の該当 section を **直接修正する**。 | 過去版を残す目的で別の repair file を作らない。履歴は Git commit / pull request が保持する。 | 従って、 | ```text | current mathematical truth = latest merged stages/stage13/main.md | historical change record    = Git history / PR history | ``` | と分離する。 | ## 3. Stage-first support layout | Stage固有の context はファイル名の末尾ではなく path に置く。 | 新しい Stage13	SR-STR-119:0.76:Strict sub-half bound off the critical support wall; SR-STR-221:0.72:Unbalanced short-denominator square-part versus two-cell minimum receiver; SR-STR-226:0.69:Primitive oriented integral-space one-face incidence asymptotic; SR-STR-065:0.64:Support-energy upper exponent gate; SR-STR-005:0.63:No-space one-face to two-face transition asymptotic; SR-STR-071:0.61:Support/off-diagonal collision hybrid gate	
SRC-7C5D33D45F84	stages/stage13/archive/operations/roadmap.md	ROADMAP		# Stage13 — Structural Origin of the 2:1:1 Ratio | ## Goal | Stage13 studies the directional asymptotic law for primitive canonical exactly-one-face cuboids with integer space diagonal, using Stage12 R09 as a frozen prior theorem-level input. | ## External-review repair history | ```text | R01: OPEN | - circular raw direction-neutrality | - under-derived fixed-modulus overlap transfer | 13-12aa: non-circular common-factor architecture | 13-12ab: fixed-local overlap architecture | 13-12ac: neutral R02 bundle | R02 Grok:   OPEN | R02 Claude: REPAIRABLE | R02 Qwen:   REPAIRABLE | 13-12ad: quantitative j=0 Wiener / curved / harmonic closure | 13-12ae: exact inert p-adic / local-state closure | 13-12af: R03 proof resynthesis and single-file review bundle | R03 Grok: CLOSED | R03 Qwen: CLOSED | R03 Claude: not recorded at this checkpoint | 13-1	SR-STR-226:2.91:Primitive oriented integral-space one-face incidence asymptotic; SR-STR-227:2.52:Canonical exactly-one directional chamber asymptotic and non-2:1:1 limit law; SR-STR-039:2.45:Stage14 integral-space exactly-two half-power upper theorem; SR-STR-142:2.36:Ambient integral-space-diagonal cuboid asymptotic and zero-face dominance; SR-STR-143:2.33:Exactly-two-face ambient asymptotic and cubic-host thinning law; SR-STR-101:2.31:State-G local blocker transfer to the space diagonal	
SRC-7BBCCA1CEDC6	stages/stage13/archive/stage13-10-final.md	SUPPORTING_MATH_DOC		# Stage13-10 final — frozen explanatory snapshot | > **STATUS:** `STAGE13_COMPLETE` | > | > **SCOPE:** frozen task-end provenance snapshot; canonical living mathematics remains `stages/stage13/main.md` | ## Final structural answer | Stage13 studies primitive canonical cuboids with integral space diagonal and exactly one integral face diagonal, split into the canonical directions `ab`, `ac`, and `bc`. | At the locked finite cutoff `B=100000`, | ```text | exact-one = (84146, 43180, 40704) | ab:ac:bc ~= 2.0673 : 1.0608 : 1 | ``` | so the population looks close to `2:1:1`. The completed asymptotic theorem instead gives | ```text | P_inf = (0.5347369332313988, | 0.24535917783225203, | 0.21990388893634913) | ab:ac:bc | -> 2.431684750178191 : 1.115756428951881 : 1. | ``` | The explanation is two-scale. | ### 1. Geometric backbone | Canonical ord	SR-STR-014:3.06:Stage14 exact finite census and regression oracle; SR-STR-142:2.80:Ambient integral-space-diagonal cuboid asymptotic and zero-face dominance; SR-STR-227:2.77:Canonical exactly-one directional chamber asymptotic and non-2:1:1 limit law; SR-STR-039:2.65:Stage14 integral-space exactly-two half-power upper theorem; SR-STR-055:2.65:Literal exactly-two-face space-diagonal subset contract; SR-STR-143:2.50:Exactly-two-face ambient asymptotic and cubic-host thinning law	
SRC-3F726245081A	stages/stage13/archive/stage13-7-final.md	SUPPORTING_MATH_DOC		# Stage13-7 — final asymptotic snapshot | > **STATUS:** `STAGE13_7=COMPLETE_AT_UNCONDITIONAL_EXACT_ONE_DIRECTIONAL_ASYMPTOTIC_LEVEL` | > | > **ROLE:** frozen Stage13-7 theorem snapshot / provenance archive | > | > **NEXT:** `Stage13-8` | This file is a frozen end-of-task snapshot permitted by the Stage13 policy's archive/provenance exception. It consolidates the Stage13-7 theorem chain without replacing the living `stages/stage13/main.md`. Historical intermediate reports remain valid in their stated scope; the supersession ledger below identifies which conditional status flags are no longer current. | ## 1. Final theorem | Let | \[ | P(B)=\frac{1}{N_1(B)}\bigl(N_{ab}(B),N_{ac}(B),N_{bc}(B)\bigr) | \] | for the primitive canonical exactly-one-face population with space diagonal at most \(B\). | Let the Stage13-3b chamber integrals be | \[ 	SR-STR-227:2.65:Canonical exactly-one directional chamber asymptotic and non-2:1:1 limit law; SR-STR-226:2.50:Primitive oriented integral-space one-face incidence asymptotic; SR-STR-142:2.36:Ambient integral-space-diagonal cuboid asymptotic and zero-face dominance; SR-STR-141:2.19:Exactly-one-face ambient population order and Pythagorean scale mechanism; SR-STR-033:2.13:Mod-7 two-parameter exactly-one-face family; SR-STR-146:2.05:Current certified Euler-cuboid global envelope with unresolved true exponent	
SRC-51614AEA6349	stages/stage13/archive/stage13-8-final.md	SUPPORTING_MATH_DOC		# Stage13-8 final — frozen bridge-completion snapshot | > **STATUS:** `STAGE13_8_COMPLETE` | > | > **SCOPE:** frozen task-end provenance snapshot; canonical living mathematics remains `stages/stage13/main.md` | ## Purpose | Stage13-8 consolidates the rigorous bridge from the frozen Stage12 primitive oriented count to the Stage13 primitive canonical exactly-one directional counts. 13-8a audited the object/interface map, 13-8b integrated the theorem into canonical `main.md`, and 13-8c performed the final cross-reference, notation, dependency, finite-checksum and freeze-boundary audit. | No new analytic theorem is introduced in 13-8c. | ## Frozen Stage12 input | Stage12 remains frozen at R09 and supplies only | \[ | C_{\rm prim}(B) | \sim | \frac{\kappa}{12\pi}B(\log B)^3 | = | \frac{\eta}{12\pi^2}B(\log B)^3, | \qquad \eta=\pi\kappa, | \] |	SR-STR-226:3.33:Primitive oriented integral-space one-face incidence asymptotic; SR-STR-227:2.14:Canonical exactly-one directional chamber asymptotic and non-2:1:1 limit law; SR-STR-005:2.09:No-space one-face to two-face transition asymptotic; SR-STR-154:1.86:Exact matched M2-to-N2 finite census through one million; SR-STR-004:1.79:Space-diagonal one-face transition asymptotic; SR-STR-141:1.72:Exactly-one-face ambient population order and Pythagorean scale mechanism	
SRC-FA158F7B7232	stages/stage13/archive/stage13-9-final.md	SUPPORTING_MATH_DOC		# Stage13-9 final — frozen main-structural-theorem snapshot | > **STATUS:** `STAGE13_9_COMPLETE_MAIN_STRUCTURAL_THEOREM` | > | > **SCOPE:** frozen task-end provenance snapshot; canonical living mathematics remains `stages/stage13/main.md` | ## Main theorem | For the primitive canonical exactly-one directional count vector | \[ | \mathbf N(B)=(N_{ab}(B),N_{ac}(B),N_{bc}(B)), | \] | with integral space diagonal `d<=B`, define the canonical chamber integrals | \[ | I_{ab}=\int_R\frac{d\omega}{\sqrt{x^2+y^2}},\quad | I_{ac}=\int_R\frac{d\omega}{\sqrt{x^2+z^2}},\quad | I_{bc}=\int_R\frac{d\omega}{\sqrt{y^2+z^2}}, | \] | where `R={0<x<y<z}` on the positive unit sphere. Then | \[ | I_{ab}+I_{ac}+I_{bc}=\frac{\pi^2}{8} | \] | and | \[ | \boxed{ | \mathbf N(B) | = | \frac{\kappa}{3\pi^3}(I_{ab},I_{ac},I_{bc})B(\log B)^3 | +o(B(\log B)^3). | } | \]	SR-STR-227:4.03:Canonical exactly-one directional chamber asymptotic and non-2:1:1 limit law; SR-STR-226:2.91:Primitive oriented integral-space one-face incidence asymptotic; SR-STR-039:2.86:Stage14 integral-space exactly-two half-power upper theorem; SR-STR-143:2.83:Exactly-two-face ambient asymptotic and cubic-host thinning law; SR-STR-004:2.68:Space-diagonal one-face transition asymptotic; SR-STR-057:2.50:Toric master space-diagonal receiver on the two-face host	
SRC-31503F0EAE62	stages/stage13/archive/tasks/13-11-review-bundle.md	SUPPORTING_MATH_DOC		# Stage13-11 — self-contained external review bundle | > **STATUS:** `STAGE13_11_COMPLETE_SELF_CONTAINED_REVIEW_BUNDLE` | > | > **MATHEMATICS_CHANGED:** `false` | > | > **CANONICAL_MATHEMATICAL_SOURCE:** `stages/stage13/main.md` | ## Purpose | Stage13-11 does not introduce a new mathematical theorem. It packages the completed **Stage13 proof chain only** into one physical HTML file that an external AI or human reviewer can audit from a single URL. | The review bundle is | ```text | review/STAGE13-FINAL-SELF-CONTAINED-20260808-R01.html | ``` | with bundle identity | ```text | BUNDLE_ID=STAGE13-FINAL-SELF-CONTAINED-20260808-R01 | ``` | Its machine-readable integrity ledger is | ```text | stages/stage13/data/13-11/review_bundle_manifest.json | ``` | ## Review boundary | The physical bundle contains **Stage13 material only**. | It embeds: | -	SR-STR-206:1.68:Single-prime two-square influence and primitive projective-slope transport chain; SR-STR-129:1.37:Missing T-to-MAIN measure adapter for weighted averaging; SR-STR-015:1.29:R504 elliptic base-change exceptional Prym locus gate; SR-STR-215:1.29:Seeded/seedless K-free reciprocal divisor-allocation CRT first-moment gate; SR-STR-128:1.28:Outer-U disintegration of the MAIN wall host; SR-STR-127:1.28:Physically weighted good-bad wall-cell dichotomy	
SRC-DE9B8953CBE7	stages/stage13/archive/tasks/13-12aa/result.md	RESULT		# Stage13-12aa — non-circular `j=0` common-factor repair | > **STATUS:** `STAGE13_12AA_COMPLETE_COMMON_FACTOR_REPAIR` | > | > **EXTERNAL_REVIEW_TRIGGER:** Claude returned `OPEN` | > | > **FATAL_UNDER_REPAIR:** direction-neutrality of the raw `j=0` arithmetic factor | > | > **STAGE13_GLOBAL_REVIEW_STATUS:** `OPEN` | > | > **NEXT:** `Stage13-12ab` — independent audit of the fixed-modulus overlap transfer | Stage13-12aa reopens the Stage13 proof after the external review of the R01 | single-file bundle identified a fatal gap in the old Stage13-7jb presentation. | The external review was correct on the central point: the old | `supported_richness_raw_asymptotic.py` is not an independent proof that the | raw-incidence arithmetic amplification is the same in the `ab/ac/bc` | directions. It first forms | \[ | D_q=\frac{\kappa I_q}{3\pi^3} | \] |	SR-STR-227:1.89:Canonical exactly-one directional chamber asymptotic and non-2:1:1 limit law; SR-STR-162:1.74:Moving first-small-point height pipeline via large prime plus complete 2-descent; SR-STR-095:1.60:Modulus-entropy barrier after physical weighting; SR-STR-206:1.48:Single-prime two-square influence and primitive projective-slope transport chain; SR-STR-219:1.39:Fixed-direction j=1728 fiber compression versus active-direction sparsity barrier; SR-STR-149:1.38:Geometric b-invariant explanation of the Stage22 log-four second-face enhancement	SRC-E23C616B64A2|stages/stage14/archive/tasks/14-s7-13/result.md|SR-STR-196; SRC-CCF8EFFB1AE0|stages/stage14/archive/tasks/14-X13/result.md|SR-STR-201; SRC-8D5BCAD70B25|stages/stage14/archive/tasks/14-t13/result.md|SR-STR-223; SRC-640A80ED692B|stages/stage14/archive/tasks/14-tH13/result.md|SR-STR-165,SR-STR-169
SRC-C233DF1526F8	stages/stage13/archive/tasks/13-12ab/result.md	RESULT		# Stage13-12ab — fixed-local overlap repair | > STATUS: `STAGE13_12AB_COMPLETE_FIXED_LOCAL_OVERLAP_REPAIR` | > | > PREVIOUS: Stage13-12aa restored the raw directional theorem non-circularly. | > | > REVIEW TARGET: Claude R01 MAJOR on the old fixed-modulus overlap transfer. | > | > GLOBAL REVIEW STATE: `PENDING_EXTERNAL_R02` | The old Stage13-7jf fixed-prime idea is retained, but its missing global step is replaced here by an explicit finite-local-factor lemma inside the Stage13-12aa `j=0` Euler-product framework. | ## 1. Tagged pair-overlap test | For one tagged raw incidence write | \[ | x^2+y^2=P^2,\qquad P^2+z^2=d^2. | \] | If a second integral face shares the tagged leg `x`, then | \[ | x^2+z^2=w^2. | \] | Hence for every odd prime `p`, `x^2+z^2` is a quadratic residue or zero modulo `p`. | For inert primes `p=3 mod 4`, define | \[ | 	SR-STR-152:2.74:Already-space pair-overlap thinning for the second-face transition; SR-STR-195:2.70:Squarefree j=1728 twist compression of the joint physical squareclasses; SR-STR-147:2.66:Euler third-face local blocker law and sieve-dimension-two rarity mechanism; SR-STR-227:2.52:Canonical exactly-one directional chamber asymptotic and non-2:1:1 limit law; SR-STR-186:2.32:Balanced inert-prime quartic square-sieve dispatch; SR-STR-145:2.32:Paired Gaussian-norm squareclass parity sieve for Stage19 zero density	SRC-E23C616B64A2|stages/stage14/archive/tasks/14-s7-13/result.md|SR-STR-196; SRC-CCF8EFFB1AE0|stages/stage14/archive/tasks/14-X13/result.md|SR-STR-201; SRC-8D5BCAD70B25|stages/stage14/archive/tasks/14-t13/result.md|SR-STR-223; SRC-640A80ED692B|stages/stage14/archive/tasks/14-tH13/result.md|SR-STR-165,SR-STR-169
SRC-7756229F10F2	stages/stage13/archive/tasks/13-12ac/current-proof.md	SUPPORTING_MATH_DOC		# Stage13-12ac — R02 current proof synthesis | > **ROLE:** authoritative Stage13 R02 review entrypoint | > | > **STATUS:** `CANDIDATE_PENDING_EXTERNAL_R02` | > | > **PRIOR_REVIEW:** R01 returned `OPEN` | > | > **STAGE12_BOUNDARY:** frozen R09 theorem treated as declared prior input | This document is the current proof map for the repaired Stage13 theorem. It does | not ask the reviewer to trust any previous `PASS`, `COMPLETE`, `CLOSED`, hash, | manifest or CI status. Those items are provenance/reproducibility metadata only. | The mathematical argument must be checked from the embedded sources. | The historical exposition in `stages/stage13/main.md` remains useful background, | but its old Stage13-7jb and Stage13-7jf proof steps are superseded by | Stage13-12aa and Stage13-12ab respectively. | --- | ## 1. Counting target and exact identiti	SR-STR-129:2.23:Missing T-to-MAIN measure adapter for weighted averaging; SR-STR-217:1.75:Collective fixed-degree stratum proliferation reverse-count budget; SR-STR-222:1.67:Fixed-U canonical-LPF projective Gaussian residue receiver chain; SR-STR-207:1.60:Nested primitive-slope acceptance and canonical two-factor density receiver; SR-STR-199:1.50:Split-quartic agreement allocation and reciprocal Edwards-Cayley reduction; SR-STR-162:1.47:Moving first-small-point height pipeline via large prime plus complete 2-descent	
SRC-15D21B2E51E9	stages/stage13/archive/tasks/13-12ac/result.md	RESULT		# Stage13-12ac — R02 re-synthesis and external re-review package | > **STATUS:** `STAGE13_12AC_COMPLETE_R02_REVIEW_RESYNTHESIS` | > | > **MATHEMATICS_CHANGED:** `false` | > | > **REPAIR_INPUTS:** Stage13-12aa + Stage13-12ab | > | > **EXTERNAL_STATUS:** `PENDING_EXTERNAL_R02` | ## Purpose | Stage13-12ac does not add a new mathematical theorem. It consolidates the two | repairs triggered by the R01 `OPEN` review into a new authoritative R02 review | entrypoint and a new physical Stage13-only HTML bundle. | R01 is not overwritten. The R02 artifacts have a distinct identity: | ```text | BUNDLE_ID=STAGE13-FINAL-SELF-CONTAINED-20260808-R02 | review/STAGE13-FINAL-SELF-CONTAINED-20260808-R02.html | stages/stage13/data/13-12ac/review_bundle_manifest.json | ``` | ## Current proof precedence | For R02 review, use this order: | ```text | 1. stages/st	SR-STR-217:1.50:Collective fixed-degree stratum proliferation reverse-count budget; SR-STR-015:1.39:R504 elliptic base-change exceptional Prym locus gate; SR-STR-226:1.39:Primitive oriented integral-space one-face incidence asymptotic; SR-STR-129:1.37:Missing T-to-MAIN measure adapter for weighted averaging; SR-STR-135:1.35:Weighted exceptional-class adapter for the T route; SR-STR-207:1.31:Nested primitive-slope acceptance and canonical two-factor density receiver	SRC-E23C616B64A2|stages/stage14/archive/tasks/14-s7-13/result.md|SR-STR-196; SRC-CCF8EFFB1AE0|stages/stage14/archive/tasks/14-X13/result.md|SR-STR-201; SRC-8D5BCAD70B25|stages/stage14/archive/tasks/14-t13/result.md|SR-STR-223; SRC-640A80ED692B|stages/stage14/archive/tasks/14-tH13/result.md|SR-STR-165,SR-STR-169
SRC-AB1AF310B5A0	stages/stage13/archive/tasks/13-12ad/result.md	RESULT		# Stage13-12ad — quantitative `j=0` analytic closure | > STATUS: `STAGE13_12AD_COMPLETE_QUANTITATIVE_J0_ANALYTIC_CLOSURE` | > | > INPUT: Stage13-12aa non-circular local `j=0` factorization | > | > R02 REVIEW STATE: Grok `OPEN`, Claude `REPAIRABLE` | > | > SCOPE: close the weighted-Wiener, curved-region and nonzero-harmonic analytic gaps only | > | > GLOBAL STAGE13 STATE AFTER THIS STEP: `OPEN` because the p-adic overlap-tail/local-state issues are intentionally deferred to Stage13-12ae | Stage13-12ad does not alter the chamber geometry, the Stage12 factor-2 bridge, | or the fixed-local overlap strategy.  It addresses the common mathematical | content of the R02 reviews: Stage13-12aa had the correct non-circular proof | architecture, but the two analytic statements carrying that architecture were | not written with enough quantitative deta	SR-STR-187:1.65:Same-measure fixed-prime ordered-limit squareclass sieve; SR-STR-129:1.54:Missing T-to-MAIN measure adapter for weighted averaging; SR-STR-147:1.54:Euler third-face local blocker law and sieve-dimension-two rarity mechanism; SR-STR-101:1.54:State-G local blocker transfer to the space diagonal; SR-STR-097:1.54:M3-N2 population noncontainment firewall; SR-STR-219:1.49:Fixed-direction j=1728 fiber compression versus active-direction sparsity barrier	SRC-E23C616B64A2|stages/stage14/archive/tasks/14-s7-13/result.md|SR-STR-196; SRC-CCF8EFFB1AE0|stages/stage14/archive/tasks/14-X13/result.md|SR-STR-201; SRC-8D5BCAD70B25|stages/stage14/archive/tasks/14-t13/result.md|SR-STR-223; SRC-640A80ED692B|stages/stage14/archive/tasks/14-tH13/result.md|SR-STR-165,SR-STR-169
SRC-150D7FE62AE6	stages/stage13/archive/tasks/13-12ae/result.md	RESULT		# Stage13-12ae — exact inert-prime overlap / local-state closure | > STATUS: `STAGE13_12AE_COMPLETE_EXACT_PADIC_LOCAL_CLOSURE` | > | > INPUTS: Stage13-12ad quantitative raw `j=0` theorem candidate and the exact outer coordinates already fixed in Stage13-12aa | > | > R02 REVIEW STATE: Grok `OPEN`, Claude `REPAIRABLE`, Qwen `REPAIRABLE` | > | > SCOPE: close the two remaining overlap-side objections: the positive-valuation inert-prime tail and completeness of the fixed local-state refinement | > | > GLOBAL STAGE13 STATE AFTER THIS STEP: `PENDING_R03_EXTERNAL_REVIEW` | Stage13-12ae does not modify the chamber constants, the non-circular common-factor argument, or the quantitative curved-region closure of Stage13-12ad.  It replaces the only remaining soft sentence in Stage13-12ab, | ```text | positive-valuation local mass = O(1/p) | ``` | by a	SR-STR-219:1.89:Fixed-direction j=1728 fiber compression versus active-direction sparsity barrier; SR-STR-147:1.82:Euler third-face local blocker law and sieve-dimension-two rarity mechanism; SR-STR-187:1.79:Same-measure fixed-prime ordered-limit squareclass sieve; SR-STR-206:1.68:Single-prime two-square influence and primitive projective-slope transport chain; SR-STR-049:1.67:Fixed-outer common-gcd square-divisor adapter; SR-STR-217:1.62:Collective fixed-degree stratum proliferation reverse-count budget	SRC-E23C616B64A2|stages/stage14/archive/tasks/14-s7-13/result.md|SR-STR-196; SRC-CCF8EFFB1AE0|stages/stage14/archive/tasks/14-X13/result.md|SR-STR-201; SRC-8D5BCAD70B25|stages/stage14/archive/tasks/14-t13/result.md|SR-STR-223; SRC-640A80ED692B|stages/stage14/archive/tasks/14-tH13/result.md|SR-STR-165,SR-STR-169
SRC-70073A2909C8	stages/stage13/archive/tasks/13-12af/current-proof.md	SUPPORTING_MATH_DOC		# Stage13-12af — authoritative R03 current proof | > REVIEW TARGET: `STAGE13-FINAL-SELF-CONTAINED-20260809-R03` | > | > STATUS: `PENDING_EXTERNAL_R03` | > | > PRIOR R02 VERDICTS: Grok `OPEN`, Claude `REPAIRABLE`, Qwen `REPAIRABLE` | > | > SCOPE: Stage13 only, with Stage12 R09 accepted as a frozen prior theorem-level input | This file is the first source a reviewer should read in R03.  It replaces the | R02 proof map as the authoritative proof ordering after the quantitative | repairs Stage13-12ad and Stage13-12ae. | The precedence is | ```text | 13-12af/current-proof.md | -> 13-12ad/result.md | -> 13-12ae/result.md | -> 13-12aa/result.md | -> 13-12ab/result.md | -> 13-12ac/current-proof.md | -> historical main.md and audit assets | ``` | The old Stage13-7jb raw direction-neutrality proof and the old Stage13-7jf | fixed-prime overlap proof	SR-STR-125:1.70:Stage14 first-moment receiver restricted to the wall slab; SR-STR-226:1.66:Primitive oriented integral-space one-face incidence asymptotic; SR-STR-219:1.39:Fixed-direction j=1728 fiber compression versus active-direction sparsity barrier; SR-STR-187:1.37:Same-measure fixed-prime ordered-limit squareclass sieve; SR-STR-135:1.35:Weighted exceptional-class adapter for the T route; SR-STR-108:1.30:Explicit moduli map and geometric twist split	
