sid	path	top_reviewed_neighbors
SRC-BF09C8BEAE3D	stages/stage10/external-review-synthesis.md	19.4|SRC-1E730EF2F673|stages/stage14/data/14-4/bijection_audit.json|SR-STR-037,SR-STR-181; 18.7|SRC-8FD028900163|stages/stage26/26-10/discovery-ledger.md|SR-STR-075; 18.0|SRC-EFE64D3828F0|stages/stage14/data/14-s1/selmer_interface_audit.json|SR-STR-114; 17.9|SRC-A52AB4C334D3|stages/stage15/15-7b/result.md|SR-STR-001,SR-STR-039,SR-STR-143,SR-STR-145,SR-STR-187,SR-STR-216; 16.6|SRC-931EAC39437C|stages/stage15/evidence/stage15_6bt_sieve_audit.json|SR-STR-017,SR-STR-216
SRC-7C1470298987	stages/stage12-ex/critical-chain.md	29.7|SRC-CD302EDAFE72|stages/stage14/final.md|SR-STR-038,SR-STR-039; 28.5|SRC-7ADE1D2AA5AC|docs/stage14-arsenal.md|SR-STR-001,SR-STR-011,SR-STR-012,SR-STR-013,SR-STR-014,SR-STR-019,SR-STR-020,SR-STR-021,SR-STR-022,SR-STR-023,SR-STR-024,SR-STR-025,SR-STR-026,SR-STR-027,SR-STR-028,SR-STR-029,SR-STR-030,SR-STR-031,SR-STR-032,SR-STR-033,SR-STR-034,SR-STR-035,SR-STR-036,SR-STR-037,SR-STR-038,SR-STR-039,SR-STR-040,SR-STR-041,SR-STR-042,SR-STR-043,SR-STR-044,SR-STR-045,SR-STR-046,SR-STR-047,SR-STR-048,SR-STR-049,SR-STR-050,SR-STR-051,SR-STR-052,SR-STR-053,SR-STR-054; 26.6|SRC-1CF992BBEC52|stages/stage14/archive/tasks/14-t2/result.md|SR-STR-032; 26.1|SRC-5B1F34C97D82|stages/stage14/archive/tasks/14-tH14/result.md|SR-STR-165,SR-STR-190,SR-STR-225; 25.7|SRC-7639847D2DF1|stages/stage24/final.md|SR-STR-016,SR-STR-155
SRC-67E3760449EB	stages/stage12-ex/roadmap.md	22.2|SRC-CD302EDAFE72|stages/stage14/final.md|SR-STR-038,SR-STR-039; 20.6|SRC-7ADE1D2AA5AC|docs/stage14-arsenal.md|SR-STR-001,SR-STR-011,SR-STR-012,SR-STR-013,SR-STR-014,SR-STR-019,SR-STR-020,SR-STR-021,SR-STR-022,SR-STR-023,SR-STR-024,SR-STR-025,SR-STR-026,SR-STR-027,SR-STR-028,SR-STR-029,SR-STR-030,SR-STR-031,SR-STR-032,SR-STR-033,SR-STR-034,SR-STR-035,SR-STR-036,SR-STR-037,SR-STR-038,SR-STR-039,SR-STR-040,SR-STR-041,SR-STR-042,SR-STR-043,SR-STR-044,SR-STR-045,SR-STR-046,SR-STR-047,SR-STR-048,SR-STR-049,SR-STR-050,SR-STR-051,SR-STR-052,SR-STR-053,SR-STR-054; 20.3|SRC-A10039A24059|stages/stage14/archive/docs/q-research/stage14-q8-cross-domain-transfer-radar.md|SR-STR-161,SR-STR-162,SR-STR-164; 19.6|SRC-F20094751CFB|stages/stage14/archive/docs/q-research/stage14-q4-squareclass-collision-literature.md|SR-STR-164; 19.3|SRC-2C574A4760B0|stages/stage14/archive/tasks/14-s6-00/result.md|SR-STR-162
SRC-E0FCF27286D5	stages/stage12/README.md	47.3|SRC-7CE38CB1702B|stages/stage15/README.md|SR-STR-001,SR-STR-039,SR-STR-144; 45.3|SRC-3E1FDACA4EC9|stages/stage14/data/14-s4c/README.md|SR-STR-217; 40.9|SRC-88BE6A73D6E6|stages/stage14/data/14-num-alpha11-diag10/README.md|SR-STR-034; 19.8|SRC-7C468C9EE2C3|stages/stage17/final.md|SR-STR-004; 19.4|SRC-CD302EDAFE72|stages/stage14/final.md|SR-STR-038,SR-STR-039
SRC-506BBA15DEC2	stages/stage12/final.md	60.1|SRC-CD302EDAFE72|stages/stage14/final.md|SR-STR-038,SR-STR-039; 57.8|SRC-7639847D2DF1|stages/stage24/final.md|SR-STR-016,SR-STR-155; 57.7|SRC-7C468C9EE2C3|stages/stage17/final.md|SR-STR-004; 57.3|SRC-E85B74645065|stages/stage15/final.md|SR-STR-039,SR-STR-143,SR-STR-145,SR-STR-187,SR-STR-216; 56.8|SRC-B0751E43345B|stages/stage20/final.md|SR-STR-146,SR-STR-147
SRC-4D55091C3753	stages/stage12/manifest-r09.md	31.7|SRC-6D6C2B609695|stages/stage15/manifest-r01.md|SR-STR-039,SR-STR-143,SR-STR-145,SR-STR-187,SR-STR-216; 22.8|SRC-CD302EDAFE72|stages/stage14/final.md|SR-STR-038,SR-STR-039; 21.1|SRC-7ADE1D2AA5AC|docs/stage14-arsenal.md|SR-STR-001,SR-STR-011,SR-STR-012,SR-STR-013,SR-STR-014,SR-STR-019,SR-STR-020,SR-STR-021,SR-STR-022,SR-STR-023,SR-STR-024,SR-STR-025,SR-STR-026,SR-STR-027,SR-STR-028,SR-STR-029,SR-STR-030,SR-STR-031,SR-STR-032,SR-STR-033,SR-STR-034,SR-STR-035,SR-STR-036,SR-STR-037,SR-STR-038,SR-STR-039,SR-STR-040,SR-STR-041,SR-STR-042,SR-STR-043,SR-STR-044,SR-STR-045,SR-STR-046,SR-STR-047,SR-STR-048,SR-STR-049,SR-STR-050,SR-STR-051,SR-STR-052,SR-STR-053,SR-STR-054; 20.9|SRC-149B14AACEC6|stages/stage14/archive/tasks/14-tH5/result.md|SR-STR-190; 20.6|SRC-3B012BF961D7|stages/stage14/archive/tasks/14-t57/result.md|SR-STR-165,SR-STR-169,SR-STR-225
SRC-43B202788DC8	stages/stage12/post_stage13_publication_plan.md	18.0|SRC-2C574A4760B0|stages/stage14/archive/tasks/14-s6-00/result.md|SR-STR-162; 17.4|SRC-4F9B8FA7B80F|stages/stage14/archive/docs/q-research/stage14-q2-correlated-bilinear-literature.md|SR-STR-161; 16.3|SRC-5E6CF6147566|stages/stage14/archive/tasks/14-tH14/r2.md|SR-STR-165,SR-STR-190,SR-STR-225; 16.1|SRC-356E48AF1706|stages/stage14/archive/tasks/14-tH25/result.md|SR-STR-222; 16.1|SRC-1BAEF7232062|stages/stage14/archive/docs/q-research/stage14-q5-shimada-k3-lattice-refresh.md|SR-STR-155
SRC-99A6201E04B1	stages/stage13/README.md	44.7|SRC-7CE38CB1702B|stages/stage15/README.md|SR-STR-001,SR-STR-039,SR-STR-144; 39.0|SRC-88BE6A73D6E6|stages/stage14/data/14-num-alpha11-diag10/README.md|SR-STR-034; 38.5|SRC-3E1FDACA4EC9|stages/stage14/data/14-s4c/README.md|SR-STR-217; 13.8|SRC-2FD99B832F30|stages/stage14/archive/tasks/14-AM1/result.md|SR-STR-167; 13.0|SRC-F30917B4BF13|stages/stage14/archive/tasks/14-t143/result.md|SR-STR-222
SRC-1FC4EE10022E	stages/stage13/data/13-13fr/README.md	46.7|SRC-7CE38CB1702B|stages/stage15/README.md|SR-STR-001,SR-STR-039,SR-STR-144; 45.7|SRC-88BE6A73D6E6|stages/stage14/data/14-num-alpha11-diag10/README.md|SR-STR-034; 39.6|SRC-3E1FDACA4EC9|stages/stage14/data/14-s4c/README.md|SR-STR-217; 18.7|SRC-6DD9E1D914B2|stages/stage14/archive/tasks/14-tH1/result.md|SR-STR-165; 17.3|SRC-7ADE1D2AA5AC|docs/stage14-arsenal.md|SR-STR-001,SR-STR-011,SR-STR-012,SR-STR-013,SR-STR-014,SR-STR-019,SR-STR-020,SR-STR-021,SR-STR-022,SR-STR-023,SR-STR-024,SR-STR-025,SR-STR-026,SR-STR-027,SR-STR-028,SR-STR-029,SR-STR-030,SR-STR-031,SR-STR-032,SR-STR-033,SR-STR-034,SR-STR-035,SR-STR-036,SR-STR-037,SR-STR-038,SR-STR-039,SR-STR-040,SR-STR-041,SR-STR-042,SR-STR-043,SR-STR-044,SR-STR-045,SR-STR-046,SR-STR-047,SR-STR-048,SR-STR-049,SR-STR-050,SR-STR-051,SR-STR-052,SR-STR-053,SR-STR-054
SRC-5AF47D4B840C	stages/stage13/final.md	65.0|SRC-E85B74645065|stages/stage15/final.md|SR-STR-039,SR-STR-143,SR-STR-145,SR-STR-187,SR-STR-216; 64.7|SRC-CD302EDAFE72|stages/stage14/final.md|SR-STR-038,SR-STR-039; 61.1|SRC-7639847D2DF1|stages/stage24/final.md|SR-STR-016,SR-STR-155; 60.1|SRC-34BDCCA69623|stages/stage21/final.md|SR-STR-004; 59.7|SRC-7C468C9EE2C3|stages/stage17/final.md|SR-STR-004
SRC-D6AC0B3B11B9	stages/stage13/manifest-r07.md	31.5|SRC-6D6C2B609695|stages/stage15/manifest-r01.md|SR-STR-039,SR-STR-143,SR-STR-145,SR-STR-187,SR-STR-216; 15.6|SRC-705BD2A82D40|stages/stage15/15-7c/result.md|SR-STR-039,SR-STR-143,SR-STR-145,SR-STR-187,SR-STR-216; 14.7|SRC-F30917B4BF13|stages/stage14/archive/tasks/14-t143/result.md|SR-STR-222; 14.6|SRC-7C468C9EE2C3|stages/stage17/final.md|SR-STR-004; 14.4|SRC-E85B74645065|stages/stage15/final.md|SR-STR-039,SR-STR-143,SR-STR-145,SR-STR-187,SR-STR-216
SRC-5C184D934DA1	stages/stage13/scripts/13-13fo/README.md	54.7|SRC-3E1FDACA4EC9|stages/stage14/data/14-s4c/README.md|SR-STR-217; 48.1|SRC-88BE6A73D6E6|stages/stage14/data/14-num-alpha11-diag10/README.md|SR-STR-034; 44.9|SRC-7CE38CB1702B|stages/stage15/README.md|SR-STR-001,SR-STR-039,SR-STR-144; 15.2|SRC-3BDB42818D96|stages/stage23/23-70/self-contained-bundle.md|SR-STR-152; 15.1|SRC-E85B74645065|stages/stage15/final.md|SR-STR-039,SR-STR-143,SR-STR-145,SR-STR-187,SR-STR-216
SRC-402DCABCDE9F	stages/stage02/data/geometry/audit_report.json	26.4|SRC-A395BD8B306F|stages/stage14/data/14-2/shared_leg_crosscheck_report.json|SR-STR-037,SR-STR-038; 18.5|SRC-1FFB9616D1F7|stages/stage14/data/14-t26/complete_large_prime_routing.json|SR-STR-162,SR-STR-163,SR-STR-165; 18.1|SRC-A0641BDCBDF2|stages/stage14/data/14-3/directional_ledger.json|SR-STR-154; 18.0|SRC-84FA913400FE|stages/stage14/data/14-t20/edge_collision_factorization.json|SR-STR-038,SR-STR-164; 18.0|SRC-3826E1556427|stages/stage14/data/14-2/final_census_audit.json|SR-STR-154
SRC-8D574AE4EE9D	stages/stage02/data/kummer/classification.json	8.5|SRC-ACB32921FE49|stages/stage14/data/14-4/specialization_triple_audit.json|SR-STR-223; 8.4|SRC-CD4034944FA7|stages/stage14/data/14-num4/unified_fingerprint_manifest.json|SR-STR-014,SR-STR-035; 7.8|SRC-4FDD77111076|stages/stage15/evidence/stage15_6bq_huang_level.json|SR-STR-102; 7.3|SRC-2873B5102F04|stages/stage15/evidence/stage15_6bn_huang_audit.json|SR-STR-102; 7.3|SRC-1DAFF98816D2|stages/stage15/evidence/stage15_6aw_nontorsion_audit.json|SR-STR-162,SR-STR-195
SRC-7A9C7FB97017	stages/stage02/data/kummer/report.json	12.7|SRC-7639847D2DF1|stages/stage24/final.md|SR-STR-016,SR-STR-155; 12.7|SRC-931EAC39437C|stages/stage15/evidence/stage15_6bt_sieve_audit.json|SR-STR-017,SR-STR-216; 12.3|SRC-F20094751CFB|stages/stage14/archive/docs/q-research/stage14-q4-squareclass-collision-literature.md|SR-STR-164; 12.2|SRC-46D087F3B3F9|stages/stage14/archive/tasks/14-s7-01/result.md|SR-STR-162; 12.1|SRC-E06FD058F102|stages/stage14/archive/tasks/14-s2/result.md|SR-STR-114
SRC-7FED276095BC	stages/stage03/data/focus_lambda_16_21_report.json	13.3|SRC-155C43A57E80|stages/stage25/25-60/r504-full-split-prym-generic-hostile-audit.md|SR-STR-015; 12.8|SRC-931EAC39437C|stages/stage15/evidence/stage15_6bt_sieve_audit.json|SR-STR-017,SR-STR-216; 12.6|SRC-A340A5D2DF55|stages/stage27/27-19-r402b/audit.md|SR-STR-067,SR-STR-068,SR-STR-073,SR-STR-074; 12.5|SRC-BFD0D15BC8A7|stages/stage14/archive/tasks/14-s3/result.md|SR-STR-162; 12.5|SRC-76D3154ADE04|stages/stage27/27-20-r301i/result.md|SR-STR-106,SR-STR-111
SRC-71D79945F189	stages/stage03/data/relations.json	8.2|SRC-03D1CDB8CBEF|stages/stage14/data/14-4/height_rank_audit.json|SR-STR-156,SR-STR-162; 7.5|SRC-39E4B7F4AAD4|stages/stage15/evidence/stage15_6ay_complete_2descent.json|SR-STR-162,SR-STR-163,SR-STR-175; 7.4|SRC-ACB32921FE49|stages/stage14/data/14-4/specialization_triple_audit.json|SR-STR-223; 7.3|SRC-4FDD77111076|stages/stage15/evidence/stage15_6bq_huang_level.json|SR-STR-102; 6.7|SRC-7AD261CFDBFD|stages/stage27/27-20-r301r/source-justification.md|SR-STR-116
SRC-6B09EF34312D	stages/stage03/data/report.json	15.0|SRC-8B3B8A53E63F|stages/stage14/archive/tasks/14-s6-02/result.md|SR-STR-175; 15.0|SRC-BFD0D15BC8A7|stages/stage14/archive/tasks/14-s3/result.md|SR-STR-162; 14.1|SRC-7639847D2DF1|stages/stage24/final.md|SR-STR-016,SR-STR-155; 13.8|SRC-C1B5B9E7B8C3|stages/stage15/15-6ax/result.md|SR-STR-162; 13.6|SRC-3EDF8CE45706|stages/stage14/archive/tasks/14-4ar/result.md|SR-STR-191
SRC-981937031913	stages/stage04/data/all_fibers_pari_report.json	8.0|SRC-4FDD77111076|stages/stage15/evidence/stage15_6bq_huang_level.json|SR-STR-102; 7.6|SRC-118806284D2F|stages/stage15/evidence/stage15_6bb_rational_reciprocal.json|SR-STR-163,SR-STR-164; 7.4|SRC-9815A5E0756D|stages/stage15/evidence/stage15_6bs_multiplicative_sieve_gate.json|SR-STR-017,SR-STR-179; 7.4|SRC-83CCA96E2A95|stages/stage15/evidence/stage15_6bw_channel_gcd.json|SR-STR-200,SR-STR-202; 7.4|SRC-6F52439F7C39|stages/stage15/evidence/stage15_6bx_gcd_moment_gate.json|SR-STR-215
SRC-F60ED545F569	stages/stage04/data/pari_rank_report.json	12.1|SRC-118806284D2F|stages/stage15/evidence/stage15_6bb_rational_reciprocal.json|SR-STR-163,SR-STR-164; 11.7|SRC-4FDD77111076|stages/stage15/evidence/stage15_6bq_huang_level.json|SR-STR-102; 11.2|SRC-57C37F668508|stages/stage14/data/14-4/zero_mode_conditional_uplift_summary.json|SR-STR-205; 11.2|SRC-4C19EDD2C45C|stages/stage14/data/14-4/principal_density_localization_summary.json|SR-STR-204,SR-STR-205; 11.0|SRC-4FA9492F2BA7|stages/stage14/data/14-4/reciprocal_edwards_reduction_summary.json|SR-STR-199
SRC-6AD2C34282FB	stages/stage05/data/report.json	7.1|SRC-4FDD77111076|stages/stage15/evidence/stage15_6bq_huang_level.json|SR-STR-102; 6.8|SRC-82DE51BE6F99|stages/stage14/data/14-s4a/active_fingerprint_summary.json|SR-STR-114,SR-STR-162; 6.4|SRC-9815A5E0756D|stages/stage15/evidence/stage15_6bs_multiplicative_sieve_gate.json|SR-STR-017,SR-STR-179; 6.4|SRC-83CCA96E2A95|stages/stage15/evidence/stage15_6bw_channel_gcd.json|SR-STR-200,SR-STR-202; 6.4|SRC-6F52439F7C39|stages/stage15/evidence/stage15_6bx_gcd_moment_gate.json|SR-STR-215
SRC-E2705C302CA6	stages/stage06/data/height_report.json	7.2|SRC-4FDD77111076|stages/stage15/evidence/stage15_6bq_huang_level.json|SR-STR-102; 7.0|SRC-ACB32921FE49|stages/stage14/data/14-4/specialization_triple_audit.json|SR-STR-223; 6.9|SRC-03D1CDB8CBEF|stages/stage14/data/14-4/height_rank_audit.json|SR-STR-156,SR-STR-162; 6.5|SRC-9815A5E0756D|stages/stage15/evidence/stage15_6bs_multiplicative_sieve_gate.json|SR-STR-017,SR-STR-179; 6.5|SRC-83CCA96E2A95|stages/stage15/evidence/stage15_6bw_channel_gcd.json|SR-STR-200,SR-STR-202
SRC-38034ED4EE23	stages/stage07/data/inverse_height_report.json	8.6|SRC-ACB32921FE49|stages/stage14/data/14-4/specialization_triple_audit.json|SR-STR-223; 8.4|SRC-BFD0D15BC8A7|stages/stage14/archive/tasks/14-s3/result.md|SR-STR-162; 8.4|SRC-76D3154ADE04|stages/stage27/27-20-r301i/result.md|SR-STR-106,SR-STR-111; 7.7|SRC-03D1CDB8CBEF|stages/stage14/data/14-4/height_rank_audit.json|SR-STR-156,SR-STR-162; 7.7|SRC-C93D2907ABA6|stages/stage14/data/14-4/elliptic_fiber_audit.json|SR-STR-162,SR-STR-219
SRC-C23AF38A9114	stages/stage08/data/local_sieve_report.json	18.1|SRC-A395BD8B306F|stages/stage14/data/14-2/shared_leg_crosscheck_report.json|SR-STR-037,SR-STR-038; 15.4|SRC-B2F05B47D53B|stages/stage14/archive/tasks/14-s7-00/result.md|SR-STR-162,SR-STR-219; 15.0|SRC-E06FD058F102|stages/stage14/archive/tasks/14-s2/result.md|SR-STR-114; 14.7|SRC-1F4B55B19D82|stages/stage14/archive/tasks/14-s6-01/result.md|SR-STR-175,SR-STR-185; 14.6|SRC-2C574A4760B0|stages/stage14/archive/tasks/14-s6-00/result.md|SR-STR-162
SRC-87CFB0F83F45	stages/stage09/data/divisor_chain_report.json	15.3|SRC-1E730EF2F673|stages/stage14/data/14-4/bijection_audit.json|SR-STR-037,SR-STR-181; 14.0|SRC-A395BD8B306F|stages/stage14/data/14-2/shared_leg_crosscheck_report.json|SR-STR-037,SR-STR-038; 13.5|SRC-ECD2752AE235|stages/stage14/data/14-num-alpha11-diag6/matched_one_two_summary.json|SR-STR-034; 13.1|SRC-314E0A1266DA|stages/stage14/archive/tasks/14-t21/result.md|SR-STR-164,SR-STR-219; 12.5|SRC-2C574A4760B0|stages/stage14/archive/tasks/14-s6-00/result.md|SR-STR-162
SRC-5907E78C3E75	stages/stage10/data/lower_bound_report.json	17.5|SRC-A395BD8B306F|stages/stage14/data/14-2/shared_leg_crosscheck_report.json|SR-STR-037,SR-STR-038; 15.1|SRC-BB219F21BA98|stages/stage14/archive/tasks/14-s6-06/result.md|SR-STR-177; 14.7|SRC-314E0A1266DA|stages/stage14/archive/tasks/14-t21/result.md|SR-STR-164,SR-STR-219; 14.6|SRC-1D0F810B4406|stages/stage25/25-50/r501-parametric-positive-power.md|SR-STR-008; 14.5|SRC-7639847D2DF1|stages/stage24/final.md|SR-STR-016,SR-STR-155
SRC-90B50FAB1456	stages/stage11/data/convolution_report.json	17.4|SRC-1E730EF2F673|stages/stage14/data/14-4/bijection_audit.json|SR-STR-037,SR-STR-181; 15.1|SRC-A395BD8B306F|stages/stage14/data/14-2/shared_leg_crosscheck_report.json|SR-STR-037,SR-STR-038; 13.4|SRC-3461E40D2E98|stages/stage14/data/14-2/historical_reproduction_report.json|SR-STR-014; 11.6|SRC-54D56C8DA497|stages/stage14/data/14-t1/triple_gate_baseline.json|SR-STR-223; 11.5|SRC-DC3C94CCBE18|stages/stage14/data/14-t21/direction_scale_reduction.json|SR-STR-164,SR-STR-219
SRC-EA1F4CF84417	stages/stage12/archive/INDEX.md	14.7|SRC-2FD99B832F30|stages/stage14/archive/tasks/14-AM1/result.md|SR-STR-167; 14.7|SRC-70F8C8B4900B|stages/stage14/archive/docs/q-research/stage14-q13-correlation-only-literature-radar.md|SR-STR-169; 14.0|SRC-7ADE1D2AA5AC|docs/stage14-arsenal.md|SR-STR-001,SR-STR-011,SR-STR-012,SR-STR-013,SR-STR-014,SR-STR-019,SR-STR-020,SR-STR-021,SR-STR-022,SR-STR-023,SR-STR-024,SR-STR-025,SR-STR-026,SR-STR-027,SR-STR-028,SR-STR-029,SR-STR-030,SR-STR-031,SR-STR-032,SR-STR-033,SR-STR-034,SR-STR-035,SR-STR-036,SR-STR-037,SR-STR-038,SR-STR-039,SR-STR-040,SR-STR-041,SR-STR-042,SR-STR-043,SR-STR-044,SR-STR-045,SR-STR-046,SR-STR-047,SR-STR-048,SR-STR-049,SR-STR-050,SR-STR-051,SR-STR-052,SR-STR-053,SR-STR-054; 13.9|SRC-5B1F34C97D82|stages/stage14/archive/tasks/14-tH14/result.md|SR-STR-165,SR-STR-190,SR-STR-225; 13.9|SRC-40319F0D4BD8|stages/stage14/archive/tasks/14-t58/result.md|SR-STR-169,SR-STR-225
SRC-3832AB40204C	stages/stage12/archive/data/2/hyperbola_report.json	17.1|SRC-1678D51CBBB9|stages/stage14/archive/docs/q-research/stage14-q12-gaussian-norm-collision-literature-radar.md|SR-STR-168; 15.7|SRC-4F9B8FA7B80F|stages/stage14/archive/docs/q-research/stage14-q2-correlated-bilinear-literature.md|SR-STR-161; 15.4|SRC-76690A486012|stages/stage14/archive/tasks/14-t25/result.md|SR-STR-162,SR-STR-163; 15.3|SRC-5B1F34C97D82|stages/stage14/archive/tasks/14-tH14/result.md|SR-STR-165,SR-STR-190,SR-STR-225; 15.1|SRC-314E0A1266DA|stages/stage14/archive/tasks/14-t21/result.md|SR-STR-164,SR-STR-219
SRC-34673609A28E	stages/stage12/archive/data/2b/average_report.json	14.1|SRC-1E730EF2F673|stages/stage14/data/14-4/bijection_audit.json|SR-STR-037,SR-STR-181; 13.6|SRC-A395BD8B306F|stages/stage14/data/14-2/shared_leg_crosscheck_report.json|SR-STR-037,SR-STR-038; 12.8|SRC-1CF992BBEC52|stages/stage14/archive/tasks/14-t2/result.md|SR-STR-032; 12.7|SRC-55D1FC6E2569|stages/stage14/archive/tasks/14-s5i/result.md|SR-STR-161; 12.3|SRC-ACDE4038B8C4|stages/stage14/archive/tasks/14-4bv/result.md|SR-STR-186
SRC-7C37EC35394A	stages/stage12/archive/data/2c/gao_zhao_report.json	17.9|SRC-ACDE4038B8C4|stages/stage14/archive/tasks/14-4bv/result.md|SR-STR-186; 17.8|SRC-5B1F34C97D82|stages/stage14/archive/tasks/14-tH14/result.md|SR-STR-165,SR-STR-190,SR-STR-225; 17.4|SRC-4F9B8FA7B80F|stages/stage14/archive/docs/q-research/stage14-q2-correlated-bilinear-literature.md|SR-STR-161; 16.7|SRC-9CB89872C4D8|stages/stage14/archive/tasks/14-s7-31/result.md|SR-STR-201; 16.7|SRC-2FD99B832F30|stages/stage14/archive/tasks/14-AM1/result.md|SR-STR-167
SRC-C0BBF7965361	stages/stage12/archive/data/2d/modular_hyperbola_report.json	27.8|SRC-4F9B8FA7B80F|stages/stage14/archive/docs/q-research/stage14-q2-correlated-bilinear-literature.md|SR-STR-161; 24.0|SRC-55D1FC6E2569|stages/stage14/archive/tasks/14-s5i/result.md|SR-STR-161; 23.1|SRC-70F8C8B4900B|stages/stage14/archive/docs/q-research/stage14-q13-correlation-only-literature-radar.md|SR-STR-169; 22.9|SRC-5B1F34C97D82|stages/stage14/archive/tasks/14-tH14/result.md|SR-STR-165,SR-STR-190,SR-STR-225; 22.9|SRC-9F4FE1DABC56|stages/stage14/archive/tasks/14-s5p/result.md|SR-STR-192
SRC-F862D39ACDBC	stages/stage12/archive/data/2e/divisor_dyadic_report.json	26.6|SRC-5B1F34C97D82|stages/stage14/archive/tasks/14-tH14/result.md|SR-STR-165,SR-STR-190,SR-STR-225; 25.9|SRC-55D1FC6E2569|stages/stage14/archive/tasks/14-s5i/result.md|SR-STR-161; 24.7|SRC-3ED693604377|stages/stage14/archive/tasks/14-s5m/result.md|SR-STR-161,SR-STR-193; 24.5|SRC-34E86A5D80FE|stages/stage14/archive/tasks/14-s5u/result.md|SR-STR-192,SR-STR-193,SR-STR-218; 24.4|SRC-2EA2EF0A685A|stages/stage14/archive/tasks/14-s5r/result.md|SR-STR-193
SRC-340C394FDF50	stages/stage12/archive/data/2f/main_term_report.json	17.5|SRC-CD302EDAFE72|stages/stage14/final.md|SR-STR-038,SR-STR-039; 17.2|SRC-B0751E43345B|stages/stage20/final.md|SR-STR-146,SR-STR-147; 16.6|SRC-34E86A5D80FE|stages/stage14/archive/tasks/14-s5u/result.md|SR-STR-192,SR-STR-193,SR-STR-218; 16.5|SRC-1CF992BBEC52|stages/stage14/archive/tasks/14-t2/result.md|SR-STR-032; 15.7|SRC-55D1FC6E2569|stages/stage14/archive/tasks/14-s5i/result.md|SR-STR-161
SRC-8EA6ED4AAF43	stages/stage12/archive/data/2g/uniform_error_report.json	22.2|SRC-4F9B8FA7B80F|stages/stage14/archive/docs/q-research/stage14-q2-correlated-bilinear-literature.md|SR-STR-161; 22.1|SRC-34E86A5D80FE|stages/stage14/archive/tasks/14-s5u/result.md|SR-STR-192,SR-STR-193,SR-STR-218; 21.7|SRC-5B1F34C97D82|stages/stage14/archive/tasks/14-tH14/result.md|SR-STR-165,SR-STR-190,SR-STR-225; 21.4|SRC-2FD99B832F30|stages/stage14/archive/tasks/14-AM1/result.md|SR-STR-167; 21.2|SRC-9F4FE1DABC56|stages/stage14/archive/tasks/14-s5p/result.md|SR-STR-192
SRC-D5BD149F3FC9	stages/stage12/archive/data/2h/poisson_split_report.json	23.7|SRC-5B1F34C97D82|stages/stage14/archive/tasks/14-tH14/result.md|SR-STR-165,SR-STR-190,SR-STR-225; 23.7|SRC-4F9B8FA7B80F|stages/stage14/archive/docs/q-research/stage14-q2-correlated-bilinear-literature.md|SR-STR-161; 23.3|SRC-34E86A5D80FE|stages/stage14/archive/tasks/14-s5u/result.md|SR-STR-192,SR-STR-193,SR-STR-218; 22.9|SRC-9F4FE1DABC56|stages/stage14/archive/tasks/14-s5p/result.md|SR-STR-192; 22.8|SRC-2EA2EF0A685A|stages/stage14/archive/tasks/14-s5r/result.md|SR-STR-193
SRC-7C024C9B1071	stages/stage12/archive/data/2i/exponent_budget_report.json	18.0|SRC-5B1F34C97D82|stages/stage14/archive/tasks/14-tH14/result.md|SR-STR-165,SR-STR-190,SR-STR-225; 17.5|SRC-2EA2EF0A685A|stages/stage14/archive/tasks/14-s5r/result.md|SR-STR-193; 17.1|SRC-34E86A5D80FE|stages/stage14/archive/tasks/14-s5u/result.md|SR-STR-192,SR-STR-193,SR-STR-218; 16.7|SRC-2FD99B832F30|stages/stage14/archive/tasks/14-AM1/result.md|SR-STR-167; 16.2|SRC-9B1AEF820559|stages/stage14/archive/tasks/14-s7-49/result.md|SR-STR-204
SRC-1917E70AEDBD	stages/stage12/archive/data/2j/boundary_layers_report.json	19.6|SRC-B52B88436C95|stages/stage14/archive/tasks/14-s5n/result.md|SR-STR-161; 18.9|SRC-CD302EDAFE72|stages/stage14/final.md|SR-STR-038,SR-STR-039; 18.6|SRC-2FD99B832F30|stages/stage14/archive/tasks/14-AM1/result.md|SR-STR-167; 18.5|SRC-5B1F34C97D82|stages/stage14/archive/tasks/14-tH14/result.md|SR-STR-165,SR-STR-190,SR-STR-225; 18.4|SRC-1CF992BBEC52|stages/stage14/archive/tasks/14-t2/result.md|SR-STR-032
SRC-97F5FF513AD7	stages/stage12/archive/data/2k/final_remainder_report.json	18.3|SRC-1CF992BBEC52|stages/stage14/archive/tasks/14-t2/result.md|SR-STR-032; 16.9|SRC-7ADE1D2AA5AC|docs/stage14-arsenal.md|SR-STR-001,SR-STR-011,SR-STR-012,SR-STR-013,SR-STR-014,SR-STR-019,SR-STR-020,SR-STR-021,SR-STR-022,SR-STR-023,SR-STR-024,SR-STR-025,SR-STR-026,SR-STR-027,SR-STR-028,SR-STR-029,SR-STR-030,SR-STR-031,SR-STR-032,SR-STR-033,SR-STR-034,SR-STR-035,SR-STR-036,SR-STR-037,SR-STR-038,SR-STR-039,SR-STR-040,SR-STR-041,SR-STR-042,SR-STR-043,SR-STR-044,SR-STR-045,SR-STR-046,SR-STR-047,SR-STR-048,SR-STR-049,SR-STR-050,SR-STR-051,SR-STR-052,SR-STR-053,SR-STR-054; 16.9|SRC-F20094751CFB|stages/stage14/archive/docs/q-research/stage14-q4-squareclass-collision-literature.md|SR-STR-164; 16.6|SRC-CD302EDAFE72|stages/stage14/final.md|SR-STR-038,SR-STR-039; 16.3|SRC-8B0154540FC5|stages/stage14/archive/tasks/14-tH26/result.md|SR-STR-165,SR-STR-222
SRC-21E8F38A5E3D	stages/stage12/archive/data/2l/dlb_hypotheses_report.json	12.1|SRC-1CF992BBEC52|stages/stage14/archive/tasks/14-t2/result.md|SR-STR-032; 10.9|SRC-6FE69B71BB69|stages/stage15/15-6dq/result.md|SR-STR-209,SR-STR-222,SR-STR-225; 10.7|SRC-753D63EF208D|stages/stage14/archive/tasks/14-s7-131/result.md|SR-STR-173; 10.5|SRC-DD8AD7C2BA3C|stages/stage14/archive/tasks/14-s5o/result.md|SR-STR-192; 10.1|SRC-B52B88436C95|stages/stage14/archive/tasks/14-s5n/result.md|SR-STR-161
SRC-036919750297	stages/stage12/archive/data/2m/iterated_selberg_delange_report.json	10.7|SRC-4FDD77111076|stages/stage15/evidence/stage15_6bq_huang_level.json|SR-STR-102; 10.4|SRC-E2A394288622|stages/stage14/archive/tasks/14-t32/result.md|SR-STR-165; 9.9|SRC-9815A5E0756D|stages/stage15/evidence/stage15_6bs_multiplicative_sieve_gate.json|SR-STR-017,SR-STR-179; 9.9|SRC-83CCA96E2A95|stages/stage15/evidence/stage15_6bw_channel_gcd.json|SR-STR-200,SR-STR-202; 9.9|SRC-6F52439F7C39|stages/stage15/evidence/stage15_6bx_gcd_moment_gate.json|SR-STR-215
SRC-4126D9D3F2BA	stages/stage12/archive/data/2n/coupled_region_report.json	12.5|SRC-4FDD77111076|stages/stage15/evidence/stage15_6bq_huang_level.json|SR-STR-102; 12.0|SRC-3B012BF961D7|stages/stage14/archive/tasks/14-t57/result.md|SR-STR-165,SR-STR-169,SR-STR-225; 11.7|SRC-9815A5E0756D|stages/stage15/evidence/stage15_6bs_multiplicative_sieve_gate.json|SR-STR-017,SR-STR-179; 11.7|SRC-83CCA96E2A95|stages/stage15/evidence/stage15_6bw_channel_gcd.json|SR-STR-200,SR-STR-202; 11.7|SRC-6F52439F7C39|stages/stage15/evidence/stage15_6bx_gcd_moment_gate.json|SR-STR-215
SRC-2CC9A12AEF77	stages/stage12/archive/data/2o/analytic_closure_report.json	16.9|SRC-4C19EDD2C45C|stages/stage14/data/14-4/principal_density_localization_summary.json|SR-STR-204,SR-STR-205; 13.8|SRC-2C574A4760B0|stages/stage14/archive/tasks/14-s6-00/result.md|SR-STR-162; 13.6|SRC-3B53758FA76B|stages/stage14/archive/tasks/14-t89/result.md|SR-STR-222; 13.3|SRC-070A593A20A1|stages/stage14/archive/tasks/14-t88/result.md|SR-STR-222; 13.1|SRC-3814E81BF7E2|stages/stage14/archive/tasks/14-AM/result.md|SR-STR-167
SRC-E39FB18A3707	stages/stage12/archive/data/2p/final_bookkeeping_report.json	14.4|SRC-4C19EDD2C45C|stages/stage14/data/14-4/principal_density_localization_summary.json|SR-STR-204,SR-STR-205; 11.1|SRC-4FDD77111076|stages/stage15/evidence/stage15_6bq_huang_level.json|SR-STR-102; 11.0|SRC-C480F7EC2F65|stages/stage15/evidence/stage15_6ao_projective_curve_bound.json|SR-STR-219; 11.0|SRC-9FD1DCB15986|stages/stage14/archive/docs/q-research/stage14-q14-reciprocal-divisor-window-literature-radar.md|SR-STR-170; 10.9|SRC-BB574A51F23E|stages/stage25/final.md|SR-STR-008,SR-STR-015,SR-STR-018,SR-STR-156,SR-STR-157,SR-STR-158,SR-STR-159
SRC-65DB591A4D6E	stages/stage12/archive/data/n1/average_report.json	15.6|SRC-3461E40D2E98|stages/stage14/data/14-2/historical_reproduction_report.json|SR-STR-014; 14.9|SRC-A395BD8B306F|stages/stage14/data/14-2/shared_leg_crosscheck_report.json|SR-STR-037,SR-STR-038; 13.1|SRC-1E730EF2F673|stages/stage14/data/14-4/bijection_audit.json|SR-STR-037,SR-STR-181; 11.3|SRC-4C3C3F3BB666|stages/stage14/archive/tasks/14-t119/result.md|SR-STR-222; 11.2|SRC-DC3C94CCBE18|stages/stage14/data/14-t21/direction_scale_reduction.json|SR-STR-164,SR-STR-219
SRC-1D52921B7E60	stages/stage12/archive/data/n1b/primitive_joint_report.json	16.4|SRC-1E730EF2F673|stages/stage14/data/14-4/bijection_audit.json|SR-STR-037,SR-STR-181; 14.8|SRC-A395BD8B306F|stages/stage14/data/14-2/shared_leg_crosscheck_report.json|SR-STR-037,SR-STR-038; 13.5|SRC-314E0A1266DA|stages/stage14/archive/tasks/14-t21/result.md|SR-STR-164,SR-STR-219; 13.4|SRC-55D1FC6E2569|stages/stage14/archive/tasks/14-s5i/result.md|SR-STR-161; 12.9|SRC-BB23CB506599|stages/stage15/15-6by/result.md|SR-STR-173,SR-STR-215
SRC-D1115D2A76A4	stages/stage12/archive/data/n1c/global_mobius_report.json	19.0|SRC-1E730EF2F673|stages/stage14/data/14-4/bijection_audit.json|SR-STR-037,SR-STR-181; 15.6|SRC-A395BD8B306F|stages/stage14/data/14-2/shared_leg_crosscheck_report.json|SR-STR-037,SR-STR-038; 15.4|SRC-E10C22EBDDDB|stages/stage14/archive/tasks/14-t11/result.md|SR-STR-223; 14.8|SRC-7AC6C41259DA|stages/stage14/data/14-4/height_envelope_audit.json|SR-STR-181; 13.3|SRC-5F4809D68C5C|stages/stage14/archive/tasks/14-s6-09/result.md|SR-STR-195,SR-STR-219
SRC-0B551BC28E27	stages/stage12/archive/data/n1d/analytic_exit_report.json	16.3|SRC-3B012BF961D7|stages/stage14/archive/tasks/14-t57/result.md|SR-STR-165,SR-STR-169,SR-STR-225; 15.8|SRC-5B1F34C97D82|stages/stage14/archive/tasks/14-tH14/result.md|SR-STR-165,SR-STR-190,SR-STR-225; 15.2|SRC-CF13629B0544|stages/stage14/archive/tasks/14-4cb/result.md|SR-STR-196; 15.1|SRC-ACDE4038B8C4|stages/stage14/archive/tasks/14-4bv/result.md|SR-STR-186; 15.1|SRC-2FD99B832F30|stages/stage14/archive/tasks/14-AM1/result.md|SR-STR-167
SRC-C76B70C21A76	stages/stage12/archive/docs/README-old-layout.md	16.7|SRC-CD302EDAFE72|stages/stage14/final.md|SR-STR-038,SR-STR-039; 16.7|SRC-7639847D2DF1|stages/stage24/final.md|SR-STR-016,SR-STR-155; 15.8|SRC-07B07E7367E5|stages/stage25/25-60/r505-r506-discovery-ledger.md|SR-STR-159; 15.6|SRC-B0751E43345B|stages/stage20/final.md|SR-STR-146,SR-STR-147; 15.1|SRC-7ADE1D2AA5AC|docs/stage14-arsenal.md|SR-STR-001,SR-STR-011,SR-STR-012,SR-STR-013,SR-STR-014,SR-STR-019,SR-STR-020,SR-STR-021,SR-STR-022,SR-STR-023,SR-STR-024,SR-STR-025,SR-STR-026,SR-STR-027,SR-STR-028,SR-STR-029,SR-STR-030,SR-STR-031,SR-STR-032,SR-STR-033,SR-STR-034,SR-STR-035,SR-STR-036,SR-STR-037,SR-STR-038,SR-STR-039,SR-STR-040,SR-STR-041,SR-STR-042,SR-STR-043,SR-STR-044,SR-STR-045,SR-STR-046,SR-STR-047,SR-STR-048,SR-STR-049,SR-STR-050,SR-STR-051,SR-STR-052,SR-STR-053,SR-STR-054
SRC-E35DDB618631	stages/stage12/archive/docs/proof-chain-2j-to-2p-review-page.md	11.6|SRC-D03E7C921BB8|stages/stage17/17-50/result.md|SR-STR-004; 11.5|SRC-73E9A5949B59|docs/stage14-toolbox/cards/TB-BOUND-radical-poor-hypotenuse-family.md|SR-STR-182; 11.5|SRC-7ADE1D2AA5AC|docs/stage14-arsenal.md|SR-STR-001,SR-STR-011,SR-STR-012,SR-STR-013,SR-STR-014,SR-STR-019,SR-STR-020,SR-STR-021,SR-STR-022,SR-STR-023,SR-STR-024,SR-STR-025,SR-STR-026,SR-STR-027,SR-STR-028,SR-STR-029,SR-STR-030,SR-STR-031,SR-STR-032,SR-STR-033,SR-STR-034,SR-STR-035,SR-STR-036,SR-STR-037,SR-STR-038,SR-STR-039,SR-STR-040,SR-STR-041,SR-STR-042,SR-STR-043,SR-STR-044,SR-STR-045,SR-STR-046,SR-STR-047,SR-STR-048,SR-STR-049,SR-STR-050,SR-STR-051,SR-STR-052,SR-STR-053,SR-STR-054; 11.3|SRC-34BDCCA69623|stages/stage21/final.md|SR-STR-004; 11.2|SRC-130F8FA59B58|docs/stage14-toolbox/cards/TB-DICTIONARY-kernel-five-column-refinement.md|SR-STR-178
SRC-5734043C488C	stages/stage12/archive/docs/stage12-n1-2-final-r02.md	22.4|SRC-920BD51D9E14|stages/stage14/archive/tasks/14-e6/result.md|SR-STR-216; 21.3|SRC-09CABBAA884C|stages/stage14/archive/tasks/14-e11/result.md|SR-STR-010; 21.3|SRC-1CF992BBEC52|stages/stage14/archive/tasks/14-t2/result.md|SR-STR-032; 20.9|SRC-CD302EDAFE72|stages/stage14/final.md|SR-STR-038,SR-STR-039; 20.6|SRC-B50D678E7FC7|stages/stage14/archive/tasks/14-t34/result.md|SR-STR-165
SRC-7522A92BE1DD	stages/stage12/archive/docs/stage12-n1-2-final-r03.md	25.8|SRC-CD302EDAFE72|stages/stage14/final.md|SR-STR-038,SR-STR-039; 24.4|SRC-1CF992BBEC52|stages/stage14/archive/tasks/14-t2/result.md|SR-STR-032; 22.7|SRC-7ADE1D2AA5AC|docs/stage14-arsenal.md|SR-STR-001,SR-STR-011,SR-STR-012,SR-STR-013,SR-STR-014,SR-STR-019,SR-STR-020,SR-STR-021,SR-STR-022,SR-STR-023,SR-STR-024,SR-STR-025,SR-STR-026,SR-STR-027,SR-STR-028,SR-STR-029,SR-STR-030,SR-STR-031,SR-STR-032,SR-STR-033,SR-STR-034,SR-STR-035,SR-STR-036,SR-STR-037,SR-STR-038,SR-STR-039,SR-STR-040,SR-STR-041,SR-STR-042,SR-STR-043,SR-STR-044,SR-STR-045,SR-STR-046,SR-STR-047,SR-STR-048,SR-STR-049,SR-STR-050,SR-STR-051,SR-STR-052,SR-STR-053,SR-STR-054; 22.2|SRC-09CABBAA884C|stages/stage14/archive/tasks/14-e11/result.md|SR-STR-010; 22.2|SRC-B0751E43345B|stages/stage20/final.md|SR-STR-146,SR-STR-147
SRC-16E07847B918	stages/stage12/archive/docs/stage12-n1-2-final-r04.md	24.7|SRC-CD302EDAFE72|stages/stage14/final.md|SR-STR-038,SR-STR-039; 23.5|SRC-1CF992BBEC52|stages/stage14/archive/tasks/14-t2/result.md|SR-STR-032; 22.8|SRC-7ADE1D2AA5AC|docs/stage14-arsenal.md|SR-STR-001,SR-STR-011,SR-STR-012,SR-STR-013,SR-STR-014,SR-STR-019,SR-STR-020,SR-STR-021,SR-STR-022,SR-STR-023,SR-STR-024,SR-STR-025,SR-STR-026,SR-STR-027,SR-STR-028,SR-STR-029,SR-STR-030,SR-STR-031,SR-STR-032,SR-STR-033,SR-STR-034,SR-STR-035,SR-STR-036,SR-STR-037,SR-STR-038,SR-STR-039,SR-STR-040,SR-STR-041,SR-STR-042,SR-STR-043,SR-STR-044,SR-STR-045,SR-STR-046,SR-STR-047,SR-STR-048,SR-STR-049,SR-STR-050,SR-STR-051,SR-STR-052,SR-STR-053,SR-STR-054; 22.3|SRC-09CABBAA884C|stages/stage14/archive/tasks/14-e11/result.md|SR-STR-010; 22.2|SRC-7639847D2DF1|stages/stage24/final.md|SR-STR-016,SR-STR-155
SRC-043B68A18127	stages/stage12/archive/docs/stage12-n1-2-final-r05.md	25.4|SRC-CD302EDAFE72|stages/stage14/final.md|SR-STR-038,SR-STR-039; 24.1|SRC-1CF992BBEC52|stages/stage14/archive/tasks/14-t2/result.md|SR-STR-032; 23.0|SRC-7ADE1D2AA5AC|docs/stage14-arsenal.md|SR-STR-001,SR-STR-011,SR-STR-012,SR-STR-013,SR-STR-014,SR-STR-019,SR-STR-020,SR-STR-021,SR-STR-022,SR-STR-023,SR-STR-024,SR-STR-025,SR-STR-026,SR-STR-027,SR-STR-028,SR-STR-029,SR-STR-030,SR-STR-031,SR-STR-032,SR-STR-033,SR-STR-034,SR-STR-035,SR-STR-036,SR-STR-037,SR-STR-038,SR-STR-039,SR-STR-040,SR-STR-041,SR-STR-042,SR-STR-043,SR-STR-044,SR-STR-045,SR-STR-046,SR-STR-047,SR-STR-048,SR-STR-049,SR-STR-050,SR-STR-051,SR-STR-052,SR-STR-053,SR-STR-054; 22.8|SRC-7639847D2DF1|stages/stage24/final.md|SR-STR-016,SR-STR-155; 22.7|SRC-5B1F34C97D82|stages/stage14/archive/tasks/14-tH14/result.md|SR-STR-165,SR-STR-190,SR-STR-225
SRC-259AFAC084CB	stages/stage12/archive/docs/stage12-n1-2-final-r06-zero-base.md	25.7|SRC-CD302EDAFE72|stages/stage14/final.md|SR-STR-038,SR-STR-039; 24.0|SRC-1CF992BBEC52|stages/stage14/archive/tasks/14-t2/result.md|SR-STR-032; 23.8|SRC-7C468C9EE2C3|stages/stage17/final.md|SR-STR-004; 23.2|SRC-7639847D2DF1|stages/stage24/final.md|SR-STR-016,SR-STR-155; 22.9|SRC-E85B74645065|stages/stage15/final.md|SR-STR-039,SR-STR-143,SR-STR-145,SR-STR-187,SR-STR-216
SRC-C0ECFA1DE2CE	stages/stage12/archive/docs/stage12-n1-2-final-r07-self-contained.md	25.5|SRC-CD302EDAFE72|stages/stage14/final.md|SR-STR-038,SR-STR-039; 23.3|SRC-1CF992BBEC52|stages/stage14/archive/tasks/14-t2/result.md|SR-STR-032; 23.1|SRC-7639847D2DF1|stages/stage24/final.md|SR-STR-016,SR-STR-155; 23.0|SRC-E85B74645065|stages/stage15/final.md|SR-STR-039,SR-STR-143,SR-STR-145,SR-STR-187,SR-STR-216; 22.8|SRC-7ADE1D2AA5AC|docs/stage14-arsenal.md|SR-STR-001,SR-STR-011,SR-STR-012,SR-STR-013,SR-STR-014,SR-STR-019,SR-STR-020,SR-STR-021,SR-STR-022,SR-STR-023,SR-STR-024,SR-STR-025,SR-STR-026,SR-STR-027,SR-STR-028,SR-STR-029,SR-STR-030,SR-STR-031,SR-STR-032,SR-STR-033,SR-STR-034,SR-STR-035,SR-STR-036,SR-STR-037,SR-STR-038,SR-STR-039,SR-STR-040,SR-STR-041,SR-STR-042,SR-STR-043,SR-STR-044,SR-STR-045,SR-STR-046,SR-STR-047,SR-STR-048,SR-STR-049,SR-STR-050,SR-STR-051,SR-STR-052,SR-STR-053,SR-STR-054
SRC-F8BDFF1C677B	stages/stage12/archive/docs/stage12-n1-2-final-r08-self-contained.md	25.0|SRC-CD302EDAFE72|stages/stage14/final.md|SR-STR-038,SR-STR-039; 22.8|SRC-1CF992BBEC52|stages/stage14/archive/tasks/14-t2/result.md|SR-STR-032; 22.8|SRC-7639847D2DF1|stages/stage24/final.md|SR-STR-016,SR-STR-155; 22.7|SRC-7C468C9EE2C3|stages/stage17/final.md|SR-STR-004; 22.5|SRC-7ADE1D2AA5AC|docs/stage14-arsenal.md|SR-STR-001,SR-STR-011,SR-STR-012,SR-STR-013,SR-STR-014,SR-STR-019,SR-STR-020,SR-STR-021,SR-STR-022,SR-STR-023,SR-STR-024,SR-STR-025,SR-STR-026,SR-STR-027,SR-STR-028,SR-STR-029,SR-STR-030,SR-STR-031,SR-STR-032,SR-STR-033,SR-STR-034,SR-STR-035,SR-STR-036,SR-STR-037,SR-STR-038,SR-STR-039,SR-STR-040,SR-STR-041,SR-STR-042,SR-STR-043,SR-STR-044,SR-STR-045,SR-STR-046,SR-STR-047,SR-STR-048,SR-STR-049,SR-STR-050,SR-STR-051,SR-STR-052,SR-STR-053,SR-STR-054
SRC-50281E4D77D6	stages/stage12/archive/docs/stage12-n1-2-final.md	15.8|SRC-2CC6C1A49806|stages/stage20/20-70/result.md|SR-STR-003,SR-STR-077,SR-STR-146,SR-STR-147; 15.6|SRC-B0751E43345B|stages/stage20/final.md|SR-STR-146,SR-STR-147; 15.4|SRC-CD302EDAFE72|stages/stage14/final.md|SR-STR-038,SR-STR-039; 14.8|SRC-C90500AB33FB|stages/stage14/archive/tasks/14-t150/result.md|SR-STR-222; 14.3|SRC-D90DC2ECA1D2|stages/stage27/27-20-r301t/result.md|SR-STR-118
SRC-21CC43F7E730	stages/stage12/archive/docs/stage12-n1-2-hyperbola.md	13.7|SRC-1CF992BBEC52|stages/stage14/archive/tasks/14-t2/result.md|SR-STR-032; 13.2|SRC-1C2AEB6BFB57|stages/stage14/archive/tasks/14-t45/result.md|SR-STR-165,SR-STR-225; 13.2|SRC-5B1F34C97D82|stages/stage14/archive/tasks/14-tH14/result.md|SR-STR-165,SR-STR-190,SR-STR-225; 13.0|SRC-284B764CCEC1|stages/stage14/archive/tasks/14-t60/result.md|SR-STR-225; 12.4|SRC-319159641DAB|stages/stage14/archive/tasks/14-4bu/result.md|SR-STR-195
SRC-9B4587F16DF0	stages/stage12/archive/docs/stage12-n1-2-index.md	18.0|SRC-3E1FDACA4EC9|stages/stage14/data/14-s4c/README.md|SR-STR-217; 16.7|SRC-4FDD77111076|stages/stage15/evidence/stage15_6bq_huang_level.json|SR-STR-102; 16.6|SRC-8FD028900163|stages/stage26/26-10/discovery-ledger.md|SR-STR-075; 15.5|SRC-9815A5E0756D|stages/stage15/evidence/stage15_6bs_multiplicative_sieve_gate.json|SR-STR-017,SR-STR-179; 15.5|SRC-83CCA96E2A95|stages/stage15/evidence/stage15_6bw_channel_gcd.json|SR-STR-200,SR-STR-202
