evidence_sid	evidence_path	substage	result_sid	result_path	result_status	result_cards
SRC-A4829212BBEA	stages/stage15/evidence/stage15_6aa_core_adapter.json	aa	SRC-02C586AA6E80	stages/stage15/15-6aa/result.md	STRUCTURES_RECORDED	SR-STR-145,SR-STR-053,SR-STR-200
SRC-A38C0C13D57F	stages/stage15/evidence/stage15_6ab_core_charge.json	ab	SRC-0A57D8743B61	stages/stage15/15-6ab/result.md	STRUCTURES_RECORDED	SR-STR-200
SRC-5C2565F6EF1B	stages/stage15/evidence/stage15_6ac_high_low_core.json	ac	SRC-1CDBB0574194	stages/stage15/15-6ac/result.md	STRUCTURES_RECORDED	SR-STR-200,SR-STR-164
SRC-7C95B296D6A1	stages/stage15/evidence/stage15_6ad_reconstruction.json	ad	SRC-71ED74BA5B0C	stages/stage15/15-6ad/result.md	STRUCTURES_RECORDED	SR-STR-164
SRC-1BCB3D0B2D5A	stages/stage15/evidence/stage15_6ae_single_square_trigger.json	ae	SRC-279C87D90A9D	stages/stage15/15-6ae/result.md	STRUCTURES_RECORDED	SR-STR-164,SR-STR-133
SRC-2A70B6AEC891	stages/stage15/evidence/stage15_6af_cross_resultant.json	af	SRC-E595E95D1C48	stages/stage15/15-6af/result.md	STRUCTURES_RECORDED	SR-STR-169,SR-STR-164
SRC-D913CDC6DEFE	stages/stage15/evidence/stage15_6ag_pair_energy.json	ag	SRC-9BD904BF3022	stages/stage15/15-6ag/result.md	STRUCTURES_RECORDED	SR-STR-169
SRC-ED55E66295B5	stages/stage15/evidence/stage15_6ah_full_common_support.json	ah	SRC-6E4E882ACEC8	stages/stage15/15-6ah/result.md	STRUCTURES_RECORDED	SR-STR-200,SR-STR-169
SRC-426184B2A49F	stages/stage15/evidence/stage15_6ai_genus_one_model.json	ai	SRC-8B361ACE1FEA	stages/stage15/15-6ai/result.md	STRUCTURES_RECORDED	SR-STR-175,SR-STR-162,SR-STR-163
SRC-FC0A68529FF6	stages/stage15/evidence/stage15_6aj_height_bridge.json	aj	SRC-5C591B0D45C3	stages/stage15/15-6aj/result.md	STRUCTURES_RECORDED	SR-STR-164,SR-STR-151
SRC-1B12333253F5	stages/stage15/evidence/stage15_6ak_outer_reconstruction.json	ak	SRC-76FC84DE6AE2	stages/stage15/15-6ak/result.md	STRUCTURES_RECORDED	SR-STR-164
SRC-166CB64BB67B	stages/stage15/evidence/stage15_6al_coordinate_cells.json	al	SRC-1DBC5E961B2F	stages/stage15/15-6al/result.md	STRUCTURES_RECORDED	SR-STR-200,SR-STR-186
SRC-EF309109F527	stages/stage15/evidence/stage15_6am_coordinate_core_split.json	am	SRC-0107FEFCAC77	stages/stage15/15-6am/result.md	STRUCTURES_RECORDED	SR-STR-200,SR-STR-195,SR-STR-162
SRC-173D3CF48330	stages/stage15/evidence/stage15_6an_isotrivial_quartic.json	an	SRC-7C73BD912121	stages/stage15/15-6an/result.md	STRUCTURES_RECORDED	SR-STR-195,SR-STR-219
SRC-C480F7EC2F65	stages/stage15/evidence/stage15_6ao_projective_curve_bound.json	ao	SRC-BAC0319194D7	stages/stage15/15-6ao/result.md	STRUCTURES_RECORDED	SR-STR-219
SRC-26257E7C8EB7	stages/stage15/evidence/stage15_6ap_kappa_coupling.json	ap	SRC-E1B97E4CA1C3	stages/stage15/15-6ap/result.md	STRUCTURES_RECORDED	SR-STR-219,SR-STR-169
SRC-FF92EAD90123	stages/stage15/evidence/stage15_6aq_norm_core_gate.json	aq	SRC-2A2C3C78E160	stages/stage15/15-6aq/result.md	STRUCTURES_RECORDED	SR-STR-169,SR-STR-133
SRC-B3208CAD7798	stages/stage15/evidence/stage15_6ar_twist_adapter.json	ar	SRC-4551D0DBF431	stages/stage15/15-6ar/result.md	STRUCTURES_RECORDED	SR-STR-195
SRC-3CE0CB4BB8FC	stages/stage15/evidence/stage15_6as_twist_height_audit.json	as	SRC-C741E3476131	stages/stage15/15-6as/result.md	STRUCTURES_RECORDED	SR-STR-162
SRC-4E8253929E00	stages/stage15/evidence/stage15_6at_branch_memory_audit.json	at	SRC-CBB0CFD117F4	stages/stage15/15-6at/result.md	STRUCTURES_RECORDED	SR-STR-162,SR-STR-133
SRC-1D328770B4F8	stages/stage15/evidence/stage15_6au_small_height_twist_audit.json	au	SRC-C9C59A832062	stages/stage15/15-6au/result.md	STRUCTURES_RECORDED	SR-STR-162
SRC-1876A6E078B2	stages/stage15/evidence/stage15_6av_covering_map.json	av	SRC-4E7AC83BB58C	stages/stage15/15-6av/result.md	STRUCTURES_RECORDED	SR-STR-163,SR-STR-162
SRC-1DAFF98816D2	stages/stage15/evidence/stage15_6aw_nontorsion_audit.json	aw	SRC-558E4D6057D3	stages/stage15/15-6aw/result.md	STRUCTURES_RECORDED	SR-STR-162,SR-STR-195
SRC-6B27E1B6D746	stages/stage15/evidence/stage15_6ax_height_bridge_audit.json	ax	SRC-C1B5B9E7B8C3	stages/stage15/15-6ax/result.md	STRUCTURES_RECORDED	SR-STR-162
SRC-39E4B7F4AAD4	stages/stage15/evidence/stage15_6ay_complete_2descent.json	ay	SRC-4B8C7992D493	stages/stage15/15-6ay/result.md	STRUCTURES_RECORDED	SR-STR-162,SR-STR-163,SR-STR-175
SRC-DC313C7C2B5F	stages/stage15/evidence/stage15_6az_small_height_size_audit.json	az	SRC-727795F3EDA8	stages/stage15/15-6az/result.md	STRUCTURES_RECORDED	SR-STR-162
SRC-E581754BE686	stages/stage15/evidence/stage15_6ba_ar012_false_trigger.json	ba	SRC-8008411E2F19	stages/stage15/15-6ba/result.md	NO_DISTINCT_STRUCTURE	
SRC-118806284D2F	stages/stage15/evidence/stage15_6bb_rational_reciprocal.json	bb	SRC-7BDEE03D1E73	stages/stage15/15-6bb/result.md	STRUCTURES_RECORDED	SR-STR-163,SR-STR-164
SRC-818298C27A2C	stages/stage15/evidence/stage15_6bc_weighted_twist_gate.json	bc	SRC-A6DA806A2D20	stages/stage15/15-6bc/result.md	STRUCTURES_RECORDED	SR-STR-169,SR-STR-162
SRC-2B78371ACBB4	stages/stage15/evidence/stage15_6bd_diagonal_product.json	bd	SRC-490BB89FBC6C	stages/stage15/15-6bd/result.md	STRUCTURES_RECORDED	SR-STR-164,SR-STR-151
SRC-7349D77C5077	stages/stage15/evidence/stage15_6be_fixed_diagonal_fiber.json	be	SRC-538D9B4CE273	stages/stage15/15-6be/result.md	STRUCTURES_RECORDED	SR-STR-151,SR-STR-164
SRC-CD86D8D7D96B	stages/stage15/evidence/stage15_6bf_denominator_rigidity.json	bf	SRC-8A4DAC269949	stages/stage15/15-6bf/result.md	STRUCTURES_RECORDED	SR-STR-163
SRC-9FD97D9F6A33	stages/stage15/evidence/stage15_6bg_support_gate.json	bg	SRC-03BD531ACDC8	stages/stage15/15-6bg/result.md	STRUCTURES_RECORDED	SR-STR-151,SR-STR-164,SR-STR-133
SRC-71E79461379C	stages/stage15/evidence/stage15_6bh_support_restatement.json	bh	SRC-E84897FCFBB6	stages/stage15/15-6bh/result.md	STRUCTURES_RECORDED	SR-STR-133
SRC-4446445FABD9	stages/stage15/evidence/stage15_6bi_complementary_products.json	bi	SRC-4E68128C6E96	stages/stage15/15-6bi/result.md	STRUCTURES_RECORDED	SR-STR-053,SR-STR-200,SR-STR-164
SRC-7BD9DF9108C8	stages/stage15/evidence/stage15_6bj_equal_hypotenuse_audit.json	bj	SRC-3C1F6513D5E1	stages/stage15/15-6bj/result.md	NO_DISTINCT_STRUCTURE	
SRC-7C8388ABA1EE	stages/stage15/evidence/stage15_6bk_joint_core_endpoint.json	bk	SRC-AA9A87D92BC8	stages/stage15/15-6bk/result.md	STRUCTURES_RECORDED	SR-STR-200,SR-STR-133
SRC-30B11739EF10	stages/stage15/evidence/stage15_6bl_joint_rootline.json	bl	SRC-337848C37642	stages/stage15/15-6bl/result.md	STRUCTURES_RECORDED	SR-STR-200
SRC-E4E0CDA2F505	stages/stage15/evidence/stage15_6bm_toric_congruence.json	bm	SRC-5731052F0593	stages/stage15/15-6bm/result.md	STRUCTURES_RECORDED	SR-STR-102,SR-STR-200
SRC-2873B5102F04	stages/stage15/evidence/stage15_6bn_huang_audit.json	bn	SRC-2218EDF147BC	stages/stage15/15-6bn/result.md	STRUCTURES_RECORDED	SR-STR-102
SRC-9746BE61EE63	stages/stage15/evidence/stage15_6bo_hybrid_gate.json	bo	SRC-4A0952F3AD2F	stages/stage15/15-6bo/result.md	STRUCTURES_RECORDED	SR-STR-102,SR-STR-133
SRC-D2DE655FF6AB	stages/stage15/evidence/stage15_6bp_huang_window.json	bp	SRC-3170ED681B27	stages/stage15/15-6bp/result.md	STRUCTURES_RECORDED	SR-STR-102
SRC-4FDD77111076	stages/stage15/evidence/stage15_6bq_huang_level.json	bq	SRC-A0422C4EBF15	stages/stage15/15-6bq/result.md	STRUCTURES_RECORDED	SR-STR-102
SRC-0C1C87027EC2	stages/stage15/evidence/stage15_6br_geometric_sieve.json	br	SRC-3E6CC63D6AD1	stages/stage15/15-6br/result.md	STRUCTURES_RECORDED	SR-STR-102,SR-STR-133
SRC-9815A5E0756D	stages/stage15/evidence/stage15_6bs_multiplicative_sieve_gate.json	bs	SRC-0EF6D64F83E1	stages/stage15/15-6bs/result.md	STRUCTURES_RECORDED	SR-STR-179,SR-STR-017
