id	name	object
SR-STR-004	Space-diagonal one-face transition asymptotic	For matched primitive canonical R<=B populations, N1(B)/M1(B)~(kappa*pi/18)(log B)^2/B.
SR-STR-005	No-space one-face to two-face transition asymptotic	For matched primitive canonical R<=B populations, M2(B)/M1(B)~(4*pi^2*C_M2/3)(log B)^4/B.
SR-STR-006	Space-diagonal two-face versus one-face zero-density transition	For matched primitive canonical space-diagonal populations under R<=B, N2(B)/N1(B)->0.
SR-STR-010	Multiplicity-three Euler-completion proportion on raw face-pair incidences	P_j=M2,j+M3, P=M2+3M3, Theta_j=M3/P_j and Theta=3M3/(M2+3M3). For every fixed eta<1/46, B^(-5/6)(log B)^(-5) << Theta_j,Theta <<_eta (log B)^(-eta), so the literal same-measure completion proportions tend to zero; moreover Theta_j/Theta_k -> C_k/C_j. The adjacent-stratum object ratio M3/M2 is not a conditional probability.
SR-STR-013	Primitive-first Möbius reindexing	Insert common-scale Möbius inversion before truncation so primitive coefficients and boundary layers use natural variables.
SR-STR-015	R504 elliptic base-change exceptional Prym locus gate	In audited R504, rank E_F(Q(k))=1 with primitive generator P and the original 3P family has Theta(B^(1/10)); after the explicit nonsplit degree-two rank jump, the known physical rank-two lattice has image P+2E_H(Q(u)), intersection aP+bR with a odd and b even, minimum nondegenerate norm 5, P+2R growth Theta(B^(1/12)), and total known-lattice upper O(B^(1/10) log B). For the complete full-split family Hom_K(P_eta,E0_K)=0 generically, while the rational exceptional Prym/E0 isogeny locus is an unbo
SR-STR-017	Euler third-face local blocker law and dimension-two sieve	For x^2+y^2=square, delta_2=2/9 and delta_p=2(p-chi_4(p))/(p^2+6p+1)=2/p+O(p^-2).
SR-STR-031	Finite-order Selberg-Delange theorem contract	For F(s)=zeta(s)^zH(s), verify factorization, analytic region, growth and coefficient majorants.
SR-STR-032	Exact shared-hypotenuse representation convolution	For x^2+y^2=p^2 and p^2+c^2=d^2, C_raw=2 sum H(p)L_B(p), then correct primitive multiplicity separately. Stage14-t2 further gives a quantitative Pythagorean-chain envelope on the moving triple correction, with the strongest frozen global boundary T(B)=o(B(log B)^3); this is not a square-root or strict sub-square-root theorem and moving-base summation remains the obstruction.
SR-STR-033	Mod-7 two-parameter exactly-one-face family	Coprime m=2 mod14,n=1 mod14 give a primitive integral-space exactly-one family with N1(B)>>B^(1/2).
SR-STR-037	Exact two-face gluing with multiplicity one	Two primitive oriented Pythagorean faces glued on a common physical leg reconstruct a primitive canonical cuboid without hidden scale multiplicity.
SR-STR-038	Raw-pair face-incidence graph identity	E(B)=N2(B)+3T(B)=1/2 sum_F deg_B(F), hence N2(B)<=E(B), on the Stage14 integral-space raw-incidence graph. Stage14-t20 corrects the triple-collision measure to raw-pair edges: for kappa(e)=[d^2-s^2], the trivial class has n_1(B)=3T(B), hence 9T(B)^2<=Q_edge(B). This is an exact population identity, not a collision saving.
SR-STR-040	Consumed and superseded asset recharge discipline	Each support, core and fiber is charged once; superseded theorems retain valid lemmas but consumed data cannot be recharged.
SR-STR-041	Oriented-record to canonical face-incidence projection	Oriented face records project with exact factor two to canonical face incidences, with one/two/three-face overlaps corrected separately.
SR-STR-052	Gaussian quotient and cross-resultant dictionary	Separate self-generated Gaussian root data from cross-point congruence information carried by quotients and resultants. Stage14-t68 sharpens the cross-resultant dictionary: after mutually Cayley-private conditioning, a canonical prime divides a cross resultant exactly when it appears as an extra divisor of the partner Cayley factor. Removing those contaminated pairs leaves no generic canonical-prime cross-resultant modulus, so the dictionary is a no-go boundary rather than a fresh saving.
SR-STR-054	Reciprocal divisor-CRT kernel	The stable q17 inner problem consists of two coupled divisor choices, a factor-pair equation and two reciprocal CRT congruences.
SR-STR-056	Parameter-mass versus physical-height lower-family exponent calculus	If #Omega(T)>>T^(kappa-o(1)) and R<<T^(h+o(1)) with controlled fibers, then N2(B)>>B^(kappa/h-o(1)); beating 1/4 requires kappa/h>1/4.
SR-STR-065	Support-energy upper exponent gate	If #T(B)<=B^(sigma+o(1)) and sum_t w_B(t)^2<=B^(eta+o(1)), then N2(B)<=B^((sigma+eta)/2+o(1)); strict sub-half requires sigma+eta<1.
SR-STR-071	Support/off-diagonal collision hybrid gate	With support S and off-diagonal collisions C, N2<=S+sqrt(S*C); if S<=B^sigma and C<=B^kappa, strict sub-half follows from sigma<1/2 and sigma+kappa<1.
SR-STR-076	Matched finite M2-M3 completion panel	At common cutoffs B<=2000, exact primitive canonical no-space counts are joined by B and evaluated under H_ge2=M2+M3, P=M2+3M3, Phi=M3/H_ge2 and Theta=3M3/P.
SR-STR-080	Three simultaneous norm-support restrictions on p q g	The reduced p and core g are sums of two squares, kappa=sf(p+q) is odd with all odd primes split mod 4, and the relevant scale variables are coprime.
SR-STR-084	Exact normalized physical-height identity with primitive scale retained	The normalized receiver satisfies Gamma^2 R^2=4 delta^2 h^2 J(p+q), with primitive scale Gamma retained and tau-asymmetric core-height consequences.
SR-STR-085	Cross-gcd primitive-scale factorization and physical diagonal product	Three pairwise-coprime cross-gcd channels give Gamma=2 delta epsilon C and R=(h/epsilon) kappa w-prime c-prime with h*kappa<=epsilon B.
SR-STR-086	Residual-height versus cross-gcd threshold dichotomy	For residual positive integer L=w-prime c-prime=w c/C, a uniform threshold splits survivors into small h*kappa or large cross-gcd cancellation regimes.
SR-STR-091	Squarefree-kernel paired-slope residue receiver	kappa divides m^2-n^2 and r^2+s^2, is coprime to mnrs, and imposes paired slope residue conditions modulo kappa.
SR-STR-092	Dyadic kappa raw-slope sieve	On dyadic kappa bands, paired slope residues admit a raw slope-sieve bound with a divisor switch when K exceeds the height scale.
SR-STR-093	Raw-slope sieve composition barrier	Composing the raw kappa sieve with later physical fibers loses the apparent saving; the next valid target must weight by the physical budget first.
SR-STR-094	Physical-weighted fixed-kappa hyperbolic sieve	For fixed kappa a hyperbolic pair lemma counts physically weighted slope pairs with a 1/kappa-type saving before summing moduli.
SR-STR-095	Modulus-entropy barrier after physical weighting	Summing the fixed-kappa weighted bound over a dyadic modulus range cancels the 1/kappa saving; kappa is self-generated rather than independent.
SR-STR-118	Möbius injection from occupied q1 support to active-face support	An exact fractional-linear coordinate adapter injects occupied q1 values into the frozen Stage14 active-face support and transfers packets without changing the physical cutoff measure.
SR-STR-140	Uniform high-occupancy physical-mass deficit gate on the MAIN wall slab	For fixed eta0, alpha,beta>0, with E_alpha={(P,U):F_MAIN(P,U;B)>B^-alpha H_phys^MAIN(P,U;B)}, the missing theorem is sum_{E_alpha} H_phys^MAIN << B^-beta+o(1) sum_{P,U} H_phys^MAIN. It would imply a strict wall power deficit; no such alpha,beta are proved.
SR-STR-141	Exactly-one-face ambient population order and Pythagorean scale mechanism	For primitive canonical R<=B cuboids with exactly one integral face and no space condition, M1(B) asymp B^2 log B and M1(B)/U(B) asymp log(B)/B. The power drop comes from replacing one free edge-pair by scaled primitive Pythagorean faces; the logarithm comes from the harmonic face-scale sum.
SR-STR-143	Exactly-two-face ambient asymptotic and cubic-host thinning law	For primitive canonical R<=B cuboids with exactly two integral face diagonals and no space-diagonal condition, M2(B)~C_M2 B(log B)^5 with C_M2>0; against U(B)=pi B^3/(36 zeta(3))+O(B^2), M2/U~[36 zeta(3) C_M2/pi](log B)^5/B^2.
SR-STR-146	Current certified Euler-cuboid global envelope with unresolved true exponent	For the primitive canonical Euler population under R<=B, the current project-wide bounds are: for every epsilon>0, M3(B)>>_epsilon B^(1/3-epsilon), and for every fixed eta<1/46, M3(B)<<_eta B(log B)^(5-eta). The lower is the generalized two-parameter Saunderson theorem promoted by Stage26; the upper is the explicit thin-cover bound inherited by the Stage20 closeout. No epsilon-free one-third lower, asymptotic, or true exponent is identified.
SR-STR-148	One-face conditioning logarithmically enhances space-diagonal survival over the ambient space baseline	Stage21 proves N1/M1~(kappa*pi/18)(log B)^2/B while N_S^all/U~[9 zeta(3)/(8 pi G)]/B, hence (N1/M1)/(N_S^all/U)~[4 kappa pi^2 G/(81 zeta(3))](log B)^2 -> infinity. The intrinsic polynomial space cost remains B^-1; the enhancement is localized to the shared-P multiplicative principal bulk, with fine pole/local-factor allocation unresolved. The hostile-audited geometric ledger gives M1:(a,b)=(2,2) on the F_2 resolution and N1:(a,b)=(1,4) on the Q(i)-twisted 4A1 quartic-del-Pezzo resolution, so the
SR-STR-151	Exact-height Kummer-to-Jacobi receiver with moving-transverse-family dispersion gate	The Stage23 Q06 source chain identifies physical height exactly as H_M=d on the two-face Kummer surface, gives bounded oriented-object multiplicity, and sharpens the fixed-squareclass (4,4) receiver Z^2=kappa P_U(x,y) to the Jacobi square lift y^2=(t^2+s)(1+s t^2). A single fixed physical rational curve has height exponent at most 1/2, but no uniform count for the moving transverse Jacobi/Kummer family is proved, so the global half-power Stage19 ceiling is not improved.
SR-STR-152	Already-space pair-overlap thinning for the second-face transition	On the Stage17 source host, x^2+y^2=p^2 and p^2+z^2=d^2 are already imposed. Entering Stage19 requires x^2+z^2=q^2 or y^2+z^2=q^2. The same-host pair-overlap theorem gives N2(B)<=P(B)=o(B(log B)^3), hence N2(B)/N1(B)->0 without charging the space condition again.
SR-STR-156	Yoshida face-cuboid generic-rank-zero and explicit-orbit height-sparsity gate	For E_{1,s}: y^2=x(x-(2s)^2)(x+(s^2-1)^2), with (a,b,c)=(2s,s^2-1,s^2+1), the geometric generic Mordell-Weil rank is 0. Yoshida's displayed fixed-fiber orbit at s=5/3 has h(t_n)=Theta(n^2), hence contributes only O(sqrt(log B)) indices below physical height B; the displayed positive-rank s-sequence likewise has O(sqrt(log X)) parameters of height <=X.
SR-STR-164	Square/polynomial-sieve collision-cover transfer	Squareclass equality [K(theta)]=[K(theta_prime)] is equivalent to a square-lift equation Y^2=K(theta)K(theta_prime). After removing diagonal/symmetry/square components and auditing irreducibility, nonsquareness, singular loci and height conversion, Heath-Brown/Browning square-polynomial sieves or Bonolis-Pierce nonseparable polynomial sieve become the primary collision-energy weapons. Stage14-t20--t44 provides an exact raw-edge squareclass collision chain: coprime difference-of-squares factors e
SR-STR-165	Gaussian quadratic-Hecke large-sieve transfer with ray-class correction	For E=m^2+n^2=(m+in)(m-in), split-prime root choices are Gaussian prime-ideal choices. If a Stage14 state tensor becomes a finite sum of one-ideal-at-a-time quadratic Hecke symbols chi_a(b), Goldmakher-Louvel/Onodera Q(i) large-sieve technology applies after fixed unit/ray-class corrections and coprimality cleanup. Stage14-t30--t51 records the Gaussian analytic boundary in detail. Auxiliary good-prime quartic characters have complete Weil cancellation, their value symbols transfer to Q(i) Hecke 
SR-STR-172	Rectangular arithmetic-progression product set has full fixed-power exponent	For nonempty fixed-E interval rectangles D,V, Xu-Zhou asymmetric arithmetic-progression product-set bounds give |D*V| >= |D||V|/(log max(|D|,|V|))^O(1) when both sides are polynomial; if one side is B^o(1), an injective slice gives the same exponent conclusion. Thus |D*V|=B^(kappa_D+kappa_V+o(1)) and ambient multiplication collisions provide no fixed B-power saving.
SR-STR-177	Dual half-angle selector cancellation with four-cell gcd matrix	For H2±S2=kappa(s^2,t^2), the two compact selectors have exact square cancellations gcd(N_-,H2-S2)=kappa k_-^2 and gcd(N_+,H2+S2)=kappa k_+^2. The four pairwise-coprime good-odd cells q_{--},q_{-+},q_{+-},q_{++} form the selector gcd matrix, and the product identity yields QK=X2/kappa. The complete matrix square is automatic.
SR-STR-181	Primitive physical two-face gluing and compact conjugate-gap chart	For oriented primitive Pythagorean faces with S1=g*alpha and S2=g*beta, minimal shared-edge gluing is e=g*alpha*beta=lcm(S1,S2), x=beta*X1, y=alpha*X2; a common scale t equals gcd(e,x,y), so primitivity forces t=1. With t1=X1/S1, t2=X2/S2 and L=lcm(S1,S2), (e,x,y)=L(1,t1,t2) and the ambient real height is D_R=L*sqrt(1+t1^2+t2^2), without any rational or integral space-diagonal condition. On the physical space-diagonal branch, G^2=H^2*S2^2+S^2*X2^2=S^2*H2^2+X^2*S2^2 gives an induced integral trip
SR-STR-191	Non-independent weighted local-Sha-height retainer chain	On one nonnegative weighted family A_Q>=S_Q>=R_Q>=H_Q,C, the exact local, global/Sha and first-small-point retainers combine without independence: H_Q,C <= rho_ht*rho_glob*rho_loc*A_Q + rho_ht*rho_glob*E_loc + rho_ht*E_glob + E_ht. The middle complement is the Sha trap R_Q=S_Q-T_Q and the final complement is H_Q,C=R_Q-U_Q,C.
SR-STR-192	K4 reciprocity 2-core peeling and three-regime graph escape	The six reciprocal Jacobi edges on m,n,m-n,m+n form K4. Leaf peeling closes every empty 2-core monomial (38 of 64 edge subsets); the remaining 26 have cores C3 (16), C4 (3), diamond (6), or K4 (1). A three-regime escape with eta=1/100 closes every nonempty core, with conservative regular-box saving M^(-1/200+epsilon).
SR-STR-194	Shared-squareclass four-cell thin-packet switch	For squarefree coprime pairs ab=cd=xi, set alpha=gcd(a,c), beta=gcd(a,d), gamma=gcd(b,c), delta=gcd(b,d). Then a=alpha beta, b=gamma delta, c=alpha gamma, d=beta delta with four pairwise-coprime cells and xi=alpha beta gamma delta. Holding three cells fixed turns the same-kernel condition into a genuine nonsquare quartic in the fourth cell; a one-variable square sieve closes the hard thin packet without dropping the shared xi label.
SR-STR-198	Balanced Gaussian square-divisor common-core compression with CRT line rigidity	Balanced xi/k switch cells beta,gamma,S,T lift from c^2|A^2+B^2 to exact Gaussian square divisors lambda_c^2|Z_c. The four residual norms collapse pairwise to q_beta=q_gamma=C u and q_S=q_T=C v with u v<=B^(1/4+o(1)). Fixed eight cells plus (C,u,v) have B^o(1) physical lifts. The primitive z direction lies in the full k CRT lattice and has dual order k^2, while the xi short span is forced to rank one by Plucker-minor modulus-versus-height rigidity, giving a unique physical root vector in a fixed
SR-STR-202	Root-gcd square transfer and globally odd-primitive square-root saturation	Cross-root and same-side root gcd cells inject square divisors into both the endpoint column and Cayley row. After the lost-core peel, K^2*(H^2/D0) divides the reduced column product. Reversing the quantifier order and choosing the cross-root gcd H before D0 makes D0|H^2 divisor-many and yields a complete stratum count 1/2-kappa-s. Thus every fixed-power cross-root or same-side root-gcd stratum is strictly sub-square-root; any square-root saturation sequence has H=K=B^o(1), C/J=C_Cayley/J=B^o(1)
SR-STR-209	Common-core centered root discrepancy and variable-modulus character/projective-collision dichotomy	Stratifying the exact common core C0=B^(kappa+o(1)) separates a low-core allocation branch from a polynomial-core branch. The root indicator has an exact principal-plus-centered decomposition; polynomial-core saturation forces positive centered excess. That centered root discrepancy has an exact multiplicative-character expansion with an L2 coefficient identity, and large fixed-C discrepancy forces projective collision energy. The obstruction then splits into concentrated projective collisions o
SR-STR-210	Heavy primitive-ray versus genuine determinant-mover dichotomy with quotient-scale stratification	After the projective-collision reduction, diagonal collisions cannot support concentrated saturation. The surviving concentrated branch is either a heavy primitive ray or a genuine nonzero determinant mover, while the diffuse exact-modulus branch remains separate. For genuine movers write the nonzero determinant as C*q; super-determinant moduli are empty, near-maximal mover moduli have only a B^o(1) q-dictionary, and separated moduli retain a polynomial q-range.
SR-STR-214	Rectangular product capacity exhaustion and reciprocal CRT completion pullback	The fixed-E moving ordinary-divisor window straightens to a rectangular product set. Pair capacity is controlled by the rectangle size, multiplication has only divisor-many fibers, and the coprime/unitary restriction causes no fixed-power loss, so bare arithmetic capacity is exhausted. Pulling completion back to the primitive pair shows that the remaining Boolean is exactly reciprocal divisor/CRT solvability followed by the residual post-column mask; the total completion deficit splits into reci
SR-STR-215	Seeded/seedless K-free reciprocal divisor-allocation CRT first-moment gate	Explicit homogeneous reciprocal seeds show that reciprocal solvability can have full exponent. Away from that diagonal seed, witnesses normalize to a K-free moving divisor-allocation system retaining two exact CRT congruences. Bounded witness multiplicity makes support at B-power scale equivalent to a single first moment, exposing the theorem species UniformPrimitiveRectangleNestedKFreeQuadraticDivisorRootFirstMoment. The frozen H audit finds no direct off-the-shelf theorem or complete mask-pres
SR-STR-216	Explicit Peyre-Tamagawa constant for the primitive exactly-two two-face ambient height	For Y=Bl_4(P^1 x P^1) with the physical anticanonical height D_R, the exactly-two chamber counts satisfy E_q(B) ~ Lambda_E M_q B(log B)^5 and E_2(B) ~ C_E B(log B)^5, where Lambda_E=(1/81920) prod_{p>=3}(1-1/p)^6(1+6/p+1/p^2), C_E=Lambda_E(M_a+M_b+M_c), alpha(Y)=1/2880, beta(Y)=1, and the physical bad-prime factor is tau_2=9/64. The third-face-square degree-two thin subset has zero leading density, so raw and exactly-two leading constants agree.
SR-STR-222	Fixed-U canonical-LPF projective Gaussian residue receiver chain	For one frozen outer U, the canonical-LPF cofactor Q=ell*delta0 is reduced from an elementary mover boundary to an exact principal/centered boundary incidence. The generic prime-action image is B^o(1) and can be frozen at zero power cost; fixed-Q Gaussian fibers have only exponent-zero principal density, so any fixed-power deficit must live in outer-Q support. Split-prime orientations then project to primitive norm-form support; after cofactor-ray reduction the selected projective prime class li
SR-STR-224	Fixed-R coefficient-cell accumulation and hyperbolic boundary barrier	After fixing the physical diagonal R, the identity kappa|R makes admissible squarefree kernels divisor-many and removes the prior varying-modulus K entropy. With X_R=R/(delta*C), the physical-weighted dyadic host satisfies T_R <<_epsilon R^epsilon(X_R/K+sqrt(X_R)); summing coefficient cells t=delta*c0*cs*cn with d_4(t) gives T_R^(all cells)(kappa~K) <<_epsilon R^epsilon(R/K+R). The 1/K main-term gain survives, but the hyperbolic square-root boundary accumulates to R^(1+o(1)), so the current obst
SR-STR-225	Signed fixed-U Kummer rectangle/Rayleigh receiver and polar-Schatten firewall	On the fixed-U shared-divisor-fan Kummer packet, the complete projective kernel has square-root complete trace and an exact rank-one Kummer/Mellin expansion, while the physical selector retains correlated canonical-prime, primitive-cover, hyperbola and reconstruction masks. Those masks admit zero-fixed-power support-energy transfer and a B^o(1) family of pairwise-orthogonal comparator rectangles. Passing to the positive polar operator |C_r| is not zero-loss: its Schatten/leverage mass carries a 
