path	hits	snippets
docs/structure-radar/structure-registry.json	saunderson,k3,manin,literature,q-research,space-diagonal,zero-density,euler brick	"canonical_math_name": "Saunderson parametrization of primitive Euler bricks", | "Saunderson Euler brick parametrization", | "primitive Euler bricks Pythagorean triples" | "Saunderson construction"
stages/stage14/archive/tasks/14-e8/literature-euler-brick-count-audit.md	saunderson,k3,literature,space-diagonal,euler brick	# Stage14-e8 — literature-first audit for quantitative Euler-brick counting | for the number of primitive unordered Euler bricks with real Euclidean space height | The literature gate is the same as in e1--e7: | Djamel Himane, *Primitive Euler brick generator*, arXiv:2405.13061 (2024).
stages/stage20/final.md	saunderson,k3,space-diagonal,zero-density,euler brick	The lower theorem is proved internally below from an explicit primitive Saunderson family. The upper theorem is imported through the exact frozen Stage14-e11 interface printed below. The true exponent, a matching lower bound, and an asymptotic formula remain open. | ### 3.1 Stage14-e8 / PR #163 — K3 model and divisor envelope | Stage14-e8 writes `R_EB(B)` for primitive Euler bricks satisfying | no space-diagonal integrality requirement
docs/research-arsenal-index.md	saunderson,manin,research arsenal,zero-density	# Project-wide research arsenal index | | S20-W02 | CONSTRUCTION | primitive Saunderson `M_3(B) >> B^(1/6)` | `stage20-arsenal.md` | | | S25-W06 | LEDGER | Manin `(a,b)` transitions `(2,2)->(1,4)->(1,6)` | `stage25-arsenal-promotion.md` | | | S24-W-THIN-COVER | Independent qualitative zero-density proof; do not multiply it with AR-006 or the fixed-prime sieve. |
docs/stage14-arsenal.md	literature,q-research,space-diagonal,zero-density	- **PHYSICAL DEPENDENCE:** The convention itself is independent of space-diagonal integrality; Stage14's population additionally imposed integral `d`. | - **PHYSICAL DEPENDENCE:** Independent of space-diagonal integrality as an algebraic gluing lemma; exact-two gives one shared edge and triple-face gives three. | - **INPUT SHAPE:** Physical integral-space-diagonal cuboids and primitive oriented face vertices; edges are raw unordered integral-face pairs. | - **INPUT SHAPE:** Stage14 two-face integral-space-diagonal parametrization after Cayley/Gaussian transforms, gcd peels, signs, 2-primary data, and dyadic localization.
docs/stage20-arsenal.md	saunderson,k3,space-diagonal,zero-density	ASSUMPTIONS=primitive canonical Euler cuboids; 0<a<b<c; gcd=1; Euclidean R<=B; all three face diagonals integral; no space-diagonal integrality condition | ## S20-W02 — Primitive Saunderson quantitative lower family | NAME=S20-W02_PRIMITIVE_SAUNDERSON_LOWER | WHAT_IT_DOES_NOT_DO=does not prove independence of primes beyond the certified adelic/sieve statement; does not determine the global Euler exponent; must not be multiplied with K3/divisor losses as independent costs
docs/structure-radar/source-manifest/part-0001.json	saunderson,k3,literature,q-research	"path": "stages/stage26/26-60/general-saunderson-proof.md", | "path": "stages/stage14/archive/docs/q-research/stage14-q-literature-radar-roadmap.md", | "kind": "LITERATURE_RADAR", | "evidence_role": "PRIOR_LITERATURE_ANALYSIS",
stages/stage14/archive/tasks/14-e1/literature-seed.md	manin,literature,space-diagonal,euler brick	# Stage14-e1 — literature collision seed | > STATUS: `INITIAL_LITERATURE_SEED_CREATED` | The intended later questions are total and directionwise counting asymptotics for this ambient family, followed by a comparison with the main Stage14 integer-space-diagonal filter. | A paper is an **exact collision** only if it treats essentially this same ambient family and proves the same kind of height-counting/directional statement. Work on perfect cuboids, Euler bricks, nearly-perfect cuboids, parametrizations or elliptic fibrations is highly relevant but is not automatically an exact collision.
stages/stage14/archive/tasks/14-e2/literature-refresh.md	manin,literature,space-diagonal,euler brick	# Stage14-e2 — refreshed literature collision audit | The e2 literature question is therefore narrower than “does the perfect cuboid exist?” and different from the classical Euler-brick census: has this primitive **two-face ambient** family already been counted by real Euclidean height, especially directionwise according to the position of the shared edge? | Rathbun's work gives large exhaustive tables for body/Euler, edge and face cuboids under edge-based search conventions. OEIS A239618 records primitive Euler bricks, i.e. the Stage14-e subpopulation for which the **third** face diagonal is also integral, but uses a maximum-edge box rather than the real Euclidean height `D_R`. | max edge < 10^3  -> 5 primitive Euler bricks
stages/stage14/archive/tasks/14-e5/literature-filter-audit.md	k3,literature,space-diagonal,euler brick	# Stage14-e5 — literature-first space-diagonal filter audit | The main Stage14 population adds the integer-space-diagonal condition | The literature question is not merely whether perfect cuboids or Euler bricks have been studied. It is whether an existing result directly quantifies the survival probability and directional bias of this specific space-diagonal-square filter inside the Stage14-e anticanonical ambient population. | ## 1. Peschmann 2026 — space-diagonal blockers and elliptic fibers
stages/stage25/25-reentry-60/result.md	saunderson,k3,manin,space-diagonal	Let `M2(B)` be primitive canonical exactly-two-face cuboids and `M3(B)` primitive canonical Euler cuboids (all three face diagonals integral), with no space-diagonal integrality condition. | from the primitive Saunderson family and, for every fixed `eta<1/46`, | In particular every completion rate tends to zero, but the audited Saunderson family prevents it from decaying faster than the displayed polynomial-log floor. | TARGET=third_face_square_degree_2_K3_cover
stages/stage25/25-reentry-70/handoff-registry.json	saunderson,k3,manin,euler brick	"manin_a": 2, | "manin_b": 2 | "manin_a": 1, | "manin_b": 4
stages/stage25/25-reentry-70/result.md	saunderson,k3,manin,euler brick	- `Stage25-um-r011a` — geometric Manin-invariant log2/log4 mechanism. | The Stage21 fine mechanism is closed at the geometric Manin-invariant level: | and the log-four fine mechanism is closed at the geometric Manin-invariant level: | ### Three faces, no space condition — Euler bricks
stages/stage25/25-reentry-70/stage26-handoff.md	saunderson,k3,manin,space-diagonal	No integral-space-diagonal condition is imposed at this Stage26 entry point. | Thus the completion rates tend to zero but are quantitatively bounded below by a positive-power family through the current Saunderson construction. | The raw exactly-two host is the audited split `4A1` quartic-del-Pezzo / `Bl_4(P1xP1)` geometry. Imposing the third face produces the audited degree-two K3 cover. | The Stage25 r011a Manin ledger explains the source transitions
stages/stage26/26-10/audit.md	k3,manin,literature,space-diagonal	The incoming Stage18 M2 asymptotic and Stage20 M3 lower/upper corridor are frozen rather than reproved. The K3/Manin firewall is correct: the split quartic-del-Pezzo host asymptotic is not transferred through the degree-two K3 cover. No finite data, local blocker independence, space-diagonal condition, true M3 exponent, or perfect-cuboid conclusion is promoted. | Repository reuse/discovery is accepted as a project-scale preflight, not a claim of globally exhaustive literature review. | K3_FIREWALL_ACCEPTED=true
stages/stage26/26-10/discovery-ledger.md	saunderson,k3,manin,literature	SEARCH_TERMS=Stage18 Stage20 M2 M3 Euler cuboid third face raw pair completion K3 thin cover local obstruction shared edge | STRUCTURAL_SIGNATURES=exactly-two/exactly-three masks;at-least-two host;raw-pair multiplicity;quartic-del-Pezzo-to-degree-two-K3-cover;fixed-prime squareclass;primitive Saunderson family | - `C26-10-C`: `S20-W01` thin-cover upper, `S20-W02` primitive Saunderson lower, and `S20-W03` local blocker. | - `C26-10-E`: `S25-W06` geometric Manin transition ledger with the K3 transfer firewall.
docs/face-ratio-geometry-research.md	k3,manin,euler brick	van Luijk はこの $V$ が幾何学的既約な次数8の3二次式完全交叉で、16個のordinary double pointを持ち、最小特異点解消がK3曲面になることを示している。また、$V$ を2本の楕円曲線の積の反転商として明示している。Jarossay–Enriquez–Saettone–Svorayも同じ標準方程式とKummer構造を記載している。 | - M. Stoll and D. Testa, [The surface parametrizing cuboids](https://arxiv.org/abs/1009.0388)（48節点を持つ完全直方体のbox surfaceと、そのK3商を扱う別の曲面であり、上のface-cuboid曲面そのものと混同しない） | なお、Cohn等で `face-cuboid` が「3面対角線が整数のEuler brick」の意味に使われる場合がある一方、van Luijkおよび近年のface-cuboid曲面文献では「7つの長さのうち面対角線1本を除いて有理」という意味で使われる。用語だけで同一視せず、上の方程式を基準とする。 | ### 4.7 最小解消とK3／Kummer構造【文献確認済み／独立再構成は未完了】
docs/stage26-arsenal-promotion.md	saunderson,k3,manin	## S26-W01 — GENERALIZED_SAUNDERSON_TWO_PARAMETER_LOWER | Mechanism: all primitive Pythagorean triples feed the Saunderson identities; the Euclidean parameter space has quadratic size; `R<72T^6`; `w^3` is a physical face-diagonal invariant; fixed-output fibers are divisor-size. | ## S26-W03 — K3_THIRD_FACE_UPPER_INTERFACE | Reusable upper-side interface: split `4A1` quartic-del-Pezzo/two-face host, degree-two K3 third-face cover, exact local blocker, separate growing-prime Selberg sieve, and Huang thin-cover saving.
docs/structure-radar/README.md	literature,research arsenal,q-research	- the project-wide research arsenal and every stage arsenal/promotion file; | - the complete Stage14 q-research literature radar; | `ACTIVE` is never awarded from vocabulary similarity.  A literature lead must | 5. check the existing q-ledger and research arsenal before opening web research;
scripts/structure_radar.py	saunderson,literature,q-research	if "/q-research/" in path and Path(path).suffix in {".md", ".json"}: | return "LITERATURE_RADAR" | if kind == "LITERATURE_RADAR": | if kind == "LITERATURE_RADAR":
stages/stage14/archive/docs/q-research/stage14-q-literature-radar-roadmap.md	k3,literature,q-research	# Stage14-q — Literature Radar Roadmap | Stage14-q is the recurring literature-surveillance track for Stage14. It does not prove the theorem directly. It asks whether a newly isolated Stage14 bottleneck already has a usable human-developed theorem, proof architecture, descent, sieve, lattice method, computational package, or data set that can be transferred into the active proof tracks. | requested literature-only work and scoped q investigations deferred by XQ. | ### Stage14-q1 — Reconstruct the literature ledger
stages/stage14/archive/docs/q-research/stage14-q7-summary.md	k3,literature,q-research	NEGATIVE_RESULTS_ARCHIVE=stages/stage14/archive/docs/q-research/stage14-q7-negative-results-archive.md | Current trigger-only literature reopen candidates are: | - genuinely new K3 geometry not equivalent to the closed fixed-M4 route;
stages/stage14/archive/tasks/14-e10/literature-adelic-sieve-audit.md	k3,manin,literature	# Stage14-e10 — literature audit for adelic state laws and completion sieves | The completion locus is the rational image of the degree-two Euler-brick/K3 cover of this toric surface. | Theorem 1.4 gives an asymptotic formula, with an effective error term and explicit dependence on the finite adelic neighbourhood, for rational points of bounded canonical toric anticanonical height lying in a standard adelic set.  The finite part may be open-closed.  The main theorem also establishes Manin--Peyre equidistribution for smooth proper split toric varieties whose anticanonical line bundle is globally generated. | The physical adelic norm is not silently identified with Huang's canonical toric norm.  The already-used Manin--Peyre metric invariance for a fixed anticanonical line bundle and the explicit e6 physical local densities provide the metric crosswalk.
stages/stage14/archive/tasks/14-e11/literature-explicit-sieve-audit.md	k3,manin,literature	# Stage14-e11 — literature audit for explicit thin-cover exponent and growing-prime sieve | The paper proves effective Manin--Peyre equidistribution for smooth proper split toric varieties with globally generated anticanonical bundle, develops a uniform Selberg sieve, and gives quantitative bounds for adelic images of fibrations. | E11 does not claim a new general Hilbert-irreducibility theorem.  Its only use is to read the already-proved toric estimate quantitatively for the fixed Stage14 Euler-brick K3 cover. | The current literature search did not locate this exact Stage14 physical-coordinate formulation.
stages/stage14/archive/tasks/14-e3/literature-asymptotic-audit.md	manin,literature,euler brick	# Stage14-e3 — literature-first asymptotic collision audit | ## 2. Batyrev–Tschinkel: Manin's conjecture for toric varieties | *Manin's conjecture for toric varieties*, Journal of Algebraic Geometry 7 (1998), 15–53; preprint arXiv:alg-geom/9510014. | Batyrev–Tschinkel prove the Manin asymptotic for rational points of bounded anticanonical height on arbitrary smooth projective toric varieties over number fields.
stages/stage14/archive/tasks/14-e9/literature-local-statistics-audit.md	manin,literature,euler brick	# Stage14-e9 — literature refresh for gcd/lcm and local-statistics control | Stage14-e3/e4/e6 already uses the split-toric Manin–Peyre framework. Huang's adelic equidistribution machinery is the natural theorem-level input if a later refinement computes limiting masses for explicit local valuation strata. | - René Peschmann, *Quartic reductions and elliptic obstructions for perfect Euler bricks*, arXiv:2604.09328. | - René Peschmann, *Exponent-one blockers and a Mordell-Weil construction of Euler bricks*, arXiv:2605.00573.
stages/stage20/20-60/audit.md	k3,space-diagonal,zero-density	The decomposition preserves the exact population contract: primitive/canonical `0<a<b<c`, `gcd(a,b,c)=1`, Euclidean cutoff `R<=B`, all three face diagonals integral, and no space-diagonal integrality requirement. | and the third-square condition is not treated as an independent Bernoulli event. The frozen Stage14-e8 interface identifies the resulting completion locus with the degree-two Euler-brick cover of the toric two-face base, whose normalized/minimal-resolution compactification is a K3 surface. | for odd primes. Fixed finite prime sets have the audited product survival law, yielding an independent zero-density mechanism. This local sieve is correctly not promoted to a true exponent or growing-prime quantitative bound. | This is not a matched growth law. The true exponent, asymptotic formula, sharp lower exponent and matching lower bound remain unresolved. The local blocker mechanis
stages/stage20/20-60/result.md	saunderson,k3,euler brick	## Causal layer B: quadratic-cover / K3 mechanism | Stage14-e8 proves that retaining the third-square equation gives a degree-two cover of the toric two-face base `Y=Bl_4(P1 x P1)` whose branch divisor has class `-2K_Y`; after normalization/minimal resolution the Euler-brick compactification is a K3 surface. | K3_COVER_PROVENANCE=Stage14-e8_PR_163 | Every Euler brick avoids every blocker. Fixed finite prime sets have product survival law, and the resulting two-limit argument reproves zero density inside the two-face ambient population. This local sieve explains systematic rarity, but by itself does not identify the true global exponent of `M_3(B)`.
stages/stage20/20-70/audit.md	saunderson,k3,space-diagonal	The final bundle now transcribes the complete Stage20-50a Saunderson construction in dependency order. For every even integer `m>=10`, with | The true exponent, matching lower bound, asymptotic formula/constant and square-root finite signal remain OPEN_GATES. The local blocker law, K3/thin-cover theorem, divisor envelope and explicit family are not double charged. `Stage18->Stage20` conditional thinning and independence/correlation remain owned by Stage26. No integral-space-diagonal condition or perfect-cuboid conclusion is introduced.
stages/stage20/20-70/result.md	saunderson,k3,space-diagonal	Stage14-e11 proves, under the same primitive/canonical Euclidean cutoff and with no space-diagonal integrality condition, | NUM-R01 is integral-space-diagonal prefiltered and therefore is not the Stage20 ambient Euler population. Its finite triple record is only a perfect-cuboid-intersection control and is not used as a Stage20 count or nonexistence argument. No new census is opened at checkpoint70. | 5. **Certified constructive lower theorem.** The Stage20-50a primitive Saunderson subfamily gives | 7. **Causal model.** The two-face shared-edge Pythagorean host acquires a structured third-face condition represented by a degree-two K3 cover; this is not modeled as an independent random-square filter.
stages/stage20/20-controller.json	saunderson,k3,space-diagonal	"population": "primitive/canonical Euler cuboids: exactly three integral face diagonals, no space-diagonal integrality requirement, R<=B", | "lower_bound_provenance": "20-50a Saunderson one-parameter primitive construction", | "causal_model": "two-face toric host -> degree-two K3 cover; exact local blockers explain rarity; Saunderson family certifies survival", | "arsenal_candidates": ["S20-W01_EXPLICIT_EULER_THIN_COVER_UPPER", "S20-W02_PRIMITIVE_SAUNDERSON_LOWER", "S20-W03_EULER_LOCAL_BLOCKER_LAW"],
stages/stage25/25-reentry-60/audit.md	saunderson,k3,manin	Combining the audited directional host asymptotic `M2,j~C_j B(log B)^5`, the Saunderson lower `M3>>B^(1/6)`, and the Stage20 upper `M3<<_eta B(log B)^(5-eta)` gives | For sufficiently large B the Saunderson lower gives M3(B)>0, so the exact cancellation | The Stage26 receiver is accepted as an interface, not as a Stage26 theorem: split 4A1 quartic-del-Pezzo raw host, degree-2 K3 third-face cover, exact raw-pair multiplicity adapter, local blocker law, current upper/lower envelope, and literal completion-rate observables. The true M3 exponent remains unknown and Stage26 remains blocked until phase70 handoff. | No independence multiplication of sieve/thin-cover savings is used, no fake Manin `(a,b)` subtraction is extended across the K3 cover, and no perfect-cuboid conclusion is claimed.
stages/stage25/25-reentry-70/discovery-ledger.md	saunderson,k3,manin	- `M3`: Saunderson `B^(1/6)` lower and thin-cover `B(log B)^(5-eta)` upper remain strongest; | - r011a is the strongest current explanation of Stage21/22 log powers, at geometric Manin-invariant level only; | CANDIDATES_REJECTED_WITH_REASON=P3_REOPEN_WITHOUT_NEW_INPUT;FAKE_K3_MANIN_SUBTRACTION;INDEPENDENCE_MULTIPLICATION
stages/stage25/25-reentry-70/weapon-delta.md	saunderson,k3,manin	### S25-W06 — geometric Manin transition ledger | - S20-W02 — primitive Saunderson lower; | - S25-W06 — source-side geometric transition ledger, under the K3-extension firewall. | K3_FAKE_MANIN_SUBTRACTION=false
stages/stage26/26-40/audit.md	k3,manin,space-diagonal	The mechanism ledger matches the audited Stage20 source: split 4A1 quartic del Pezzo host, `Bl_4(P1xP1)` resolution of Picard rank 6, degree-two K3 third-face cover, exact blocker masses `delta_2=2/9` and `delta_p=2(p-chi_4(p))/(p^2+6p+1)`, explicit Huang saving for every fixed eta<1/46, and the separate growing-prime Selberg bound. The two savings are correctly not multiplied. | Scope firewalls are accepted: the endpoint delta=1/46 is not proved; no exact logarithmic decay exponent, fixed power saving in B, M3 asymptotic, true M3 exponent, K3 Manin transfer, independence factorization, space-diagonal statement, or perfect-cuboid conclusion is claimed.
stages/stage26/26-40/result.md	saunderson,k3,manin	THIRD_FACE_TARGET=degree_2_K3_cover | The mechanism boundary is equally important: the third face is a thin degree-two K3-cover problem over the two-face toric host. The present proof does not identify a product of independent prime events, does not turn Picard-rank subtraction into a K3 counting theorem, and does not explain the true `M3` growth exponent. | Checkpoint50 should next record the strongest lower/construction ledger, centered on the primitive Saunderson family and what it does or does not say about the completion proportion. | K3_MANIN_TRANSFER=false
stages/stage26/26-60/audit.md	saunderson,k3,manin	The generalized Saunderson lower theorem is accepted. | Global injectivity is correctly not claimed. For every generalized-Saunderson input, `w^3` survives canonicalization as one of the three physical face diagonals of the output. Thus a fixed canonical Euler cuboid permits at most three candidate values of `w`. For each fixed `w`, the number of primitive Pythagorean leg pairs is bounded by the full two-squares representation count, and `r_2(w^2)<=4 tau(w^2)`. Since `w^3<=R<=B`, the divisor bound gives a maximum fiber `O_epsilon(B^epsilon)` for every fixed epsilon>0 after harmless rescaling of epsilon. Dividing `>>T^2`, with `T=floor((B/72)^(1/6))`, by this fiber proves | Firewalls remain intact: no M3 asymptotic; no true M3 exponent; no epsilon-free one-third lower; no K3 Manin transfer; no independence claim; no finite-data asymptotic inference; no perfect-cuboid conclusion. | GENERAL
stages/stage26/26-60/lower-registry.json	saunderson,k3,manin	"general_saunderson": { | "next_obstruction": "GENERAL_SAUNDERSON_FAMILY_VS_K3_THIN_COVER_UPPER" | "K3_Manin_transfer": false,
stages/stage26/26-60/result.md	saunderson,k3,manin	# Stage26-60 — generalized Saunderson two-parameter lower attack | Checkpoint40 gives the strongest certified upper family for the Euler stratum, while checkpoint50 isolates an explicit one-parameter Saunderson subfamily giving `M3(B) >> B^(1/6)`. The gap is still enormous. Checkpoint60 therefore tests whether the one-parameter specialization is an artificial bottleneck. | The Saunderson identities used by Stage20 require only a primitive Pythagorean triple | Thus the generalized Saunderson parameter space contributes order `T^2` primitive inputs before quotienting duplicate outputs.
stages/stage26/26-70/result.md	saunderson,k3,manin	Checkpoint60 hostile audit accepted the generalized two-parameter Saunderson lower: | The old `B^(1/6)` lower came from a one-parameter specialization of Saunderson. Restoring all primitive Pythagorean inputs gives quadratically many Euclidean parameter pairs. Global injectivity is unnecessary: `w^3` survives as one of the three physical face diagonals and each fixed `w` has only divisor-size many Pythagorean representations. The hostile audit accepted the resulting `B^(1/3-epsilon)` lower. | The upper mechanism remains the degree-two K3 third-face cover over the split `4A1` quartic-del-Pezzo/two-face host, with the exact local blocker law, separate growing-prime Selberg sieve, and Huang thin-cover saving. The sieve and thin-cover savings are not multiplied. | The lower mechanism is the generalized Saunderson two-parameter primitive Pythagorean family with divisor-size output fibers.
stages/stage26/26-70/self-contained-bundle.md	saunderson,k3,manin	For every fixed `epsilon>0`, the generalized Saunderson lower gives | The third-face-square condition is a degree-two K3 cover of the split `4A1` quartic-del-Pezzo two-face host. The current upper interface uses an exact local blocker, a separate growing-prime Selberg sieve, and a Huang thin-cover saving. Their savings are not multiplied. | K3_MANIN_TRANSFER=false
stages/stage26/26-controller.json	saunderson,k3,manin	"explicit_saunderson_count_accepted": true, | "general_saunderson_two_parameter_family": true, | "k3_manin_transfer_allowed": false,
docs/stage21-28-exploration-policy.md	literature,space-diagonal	8. **Literature and repository exploration.** Search by direct terminology, synonyms/notation, mathematical structural signatures, and dependency neighbors. A result should not be missed merely because an earlier task used different vocabulary. | - repository/literature search for a corrected or stronger result; | - `stages/euler-cuboid/E-1e/result.md` / PR #128: exact-one, no-space-diagonal asymptotic with explicit total and directional constants under the same Euclidean cutoff candidate. | - `stages/stage16s/final.md`: intrinsic ambient space-diagonal baseline with explicit constant.
docs/stage21-arsenal.md	manin,space-diagonal	## S21-W02 — One-face to space-diagonal transition law | NAME=one-face to space-diagonal transition law | for `q=ab,ac,bc`. The common chamber factor cancels, so the added space-diagonal condition creates no new leading direction-specific interaction. | Manin-invariant explanation is registered separately as S25-W06; it does not
docs/stage23-arsenal-promotion.md	space-diagonal,zero-density	The transition is therefore zero-density. | -> pair-overlap is zero-density in the Stage17 host | Use the transition theorem directly only when population, canonicalization, primitivity, cutoff, multiplicity and space-diagonal requirements match exactly. Preserve the distinction between the qualitative Stage17-host overlap explanation and the stronger inherited Stage19 half-power upper bound.
docs/stage25-arsenal-promotion.md	k3,manin	## S25-W06 — geometric Manin transition ledger | M1_MANIN_INVARIANTS=(2,2) | N1_MANIN_INVARIANTS=(1,4) | M2_MANIN_INVARIANTS=(1,6)
docs/structure-radar/source-manifest/part-0002.json	literature,q-research	"path": "stages/stage14/archive/docs/q-research/stage14-q7-summary.md", | "kind": "LITERATURE_RADAR", | "evidence_role": "PRIOR_LITERATURE_ANALYSIS", | "queue_group": "EXISTING_Q_LITERATURE",
docs/structure-radar/source-manifest/part-0004.json	literature,space-diagonal	"path": "stages/stage14/archive/docs/operations/stage14-num-alpha-space-diagonal-engine.md", | "path": "stages/stage14/archive/tasks/14-4dH-parallel-audit/literature.md",
stages/stage14/archive/docs/q-research/stage14-q-task-contract.md	literature,q-research	# 14-q — Stage14 literature radar invocation contract | explicit literature-only run or for a `DEFERRED_SCOPED` target frozen by XQ. | 1. read `stages/stage14/archive/docs/q-research/stage14-q-literature-radar-roadmap.md`; | 5. if a trigger exists, execute the next unused q-number, search current primary literature, classify each candidate `DIRECT / NEAR / BACKGROUND / BLOCKED`, write a falsifiable receiving-stage handoff, and open the scoped PR;
stages/stage14/archive/docs/q-research/stage14-q1-literature-ledger.md	k3,literature	# Stage14-q1 — Reconstructed Literature Ledger | STAGE14_Q1=COMPLETE_RECONSTRUCTED_LITERATURE_LEDGER | BASELINE_BRANCH=agent/stage14-literature-radar | This file reconstructs PR #185 into a durable Stage14-q ledger. The old literature radar was useful but tied to an earlier frontier. q1 preserves the verified weapons and negative results, then remaps them to the current Stage14 frontiers:
stages/stage14/archive/docs/q-research/stage14-q11-summary.md	literature,q-research	STAGE14_Q11=COMPLETE_NEARMAX_PYTHAGOREAN_CORRELATION_LITERATURE_RADAR | STRICT_SUBSQRT_POWER_SAVING_FROM_LITERATURE_PROVED=false | ## Literature routing | Full radar: `stages/stage14/archive/docs/q-research/stage14-q11-nearmax-pythagorean-correlation-literature-radar.md`.
stages/stage14/archive/docs/q-research/stage14-q3-small-point-height-literature.md	k3,literature	# Stage14-q3 — Small-point / First-point Height Literature Pass | STAGE14_Q3=COMPLETE_SMALL_POINT_FIRST_POINT_HEIGHT_LITERATURE_PASS | NEXT_Q_STAGE=Stage14-q5 K3/lattice computational refresh | Therefore the height literature naturally splits the family according to the radical ratio
stages/stage14/archive/docs/q-research/stage14-q4-squareclass-collision-literature.md	literature,euler brick	# Stage14-q4 — Global squareclass / collision literature pass | STAGE14_Q4=COMPLETE_GLOBAL_SQUARECLASS_COLLISION_LITERATURE_PASS | This q4 pass asks whether the literature already contains a theorem or proof architecture that controls this kind of moving squareclass collision energy. | This changes the literature priority. The closest human technology is no longer generic Selmer-distribution theory. It is first:
stages/stage14/archive/docs/q-research/stage14-q5-shimada-k3-lattice-refresh.md	k3,literature	# Stage14-q5 — Shimada K3 / lattice computational refresh | STAGE14_Q5=COMPLETE_SHIMADA_K3_LATTICE_REFRESH | EXACT_OBSTRUCTION=determine whether any unused level-4 K3/lattice literature or machine data still closes a live Stage14 gap | Stage14-q5 refreshes the geometric/lattice literature radar after the Stage14-4 main line moved far beyond the original PR #185 Shimada handoff. The question is narrow:
stages/stage14/archive/docs/q-research/stage14-q5-shimada-k3-refresh.md	k3,literature	# Stage14-q5 — Shimada K3 / lattice computational refresh | STAGE14_Q5=COMPLETE_SHIMADA_K3_LATTICE_REFRESH | PRIMARY_GEOMETRIC_WEAPON=Shimada level-4 modular K3 lattice/automorphism package | Stage14-q5 audits whether the Shimada level-4 modular K3 computation package still contains an unused geometric weapon capable of advancing the current Stage14-4 frontier, or whether that package has already been consumed by the earlier M-degree-4 bisection classification.
stages/stage14/archive/docs/q-research/stage14-q6-cross-track-weapon-routing.md	k3,literature	Stage14-q6 converts the focused literature passes q2--q5 into an explicit routing matrix for the active Stage14 proof and numerical tracks. The goal is to prevent two common failures: | - q2, q3, q4, and q5 are merged literature-radar results. | q4 correctly identified square/polynomial sieve as the first literature family to test once the collision problem is written as a genuine non-square polynomial-value problem. However, draft t21 has now changed the immediate shape of the obstruction: fixed partition/direction/scale is explicit, and the missing power saving lies in simultaneous two-face completion counts along generalized-Pell-type directions. | Reopen only if the t-route parameterization produces a genuine fixed elliptic-twist or otherwise literature-compatible family. Do not prefer generic Selmer language over the explicit direction/scale/completion problem currently available.
stages/stage14/archive/docs/q-research/stage14-q7-negative-results-archive.md	k3,literature	Stage14-q7 freezes the durable negative knowledge accumulated by the literature-radar route and the Stage14 proof tracks through the latest merged q6/s5l/t22 frontier. | BROAD_UNTRIGGERED_LITERATURE_SEARCH_ALLOWED=false | **FALSE INFERENCE PREVENTED:** the whole state-split `m^2+n^2` sector remains one unresolved `D*S` block requiring immediate deep modular-root literature. | **REOPEN TRIGGER:** none for the central region. Reopen literature only for a named failure of the boundary-strip complementary-state/Fourier rewrite.
stages/stage14/archive/docs/q-research/stage14-q8-cross-domain-transfer-radar.md	k3,literature	The new 2025 neutraliser estimate is the more natural literature transfer for the actual one-small-variable boundary. | The square-sieve / hyperelliptic-fibration literature remains useful as architecture if the separated character-sum route leaves a genuine geometric residual problem, but q8 does not promote such a result directly. | q8 does **not** recommend a new independent literature branch for `14-4` at this moment. | MAIN_14_4_NEW_LITERATURE_SCAN_REQUIRED=false
stages/stage14/archive/docs/q-research/stage14-q8-summary.md	k3,literature	q7 parked the literature route until a live proof track exposed a stable named obstruction. Two such triggers now exist: | So q8 is a focused transfer pass, not a broad literature sweep. | - new K3/Shimada scan: no new geometric trigger; 14-4 should import s5n first;
stages/stage14/archive/tasks/14-e4/literature-directional-audit.md	manin,literature	# Stage14-e4 — literature-first directional distribution audit | The literature gate remains: | Huang proves the Manin--Peyre equidistribution principle for smooth proper split toric varieties over `Q`, with effective asymptotic formulas for rational points in arbitrary adelic neighbourhoods. | ## 3. Batyrev--Tschinkel, toric Manin asymptotics
stages/stage14/archive/tasks/14-e6/literature-constant-audit.md	manin,literature	# Stage14-e6 — literature-first audit for the explicit ambient constant | The literature gate remains | ## 1. Batyrev--Tschinkel — toric Manin asymptotic | Victor V. Batyrev and Yuri Tschinkel, *Manin's conjecture for toric varieties*, J. Algebraic Geom. 7 (1998), 15--53; arXiv:alg-geom/9510014.
stages/stage14/archive/tasks/14-t1/literature-triple-audit.md	literature,euler brick	# Stage14-t1 — literature boundary for the moving triple family | René Peschmann, *Quartic reductions and elliptic obstructions for perfect Euler bricks*, arXiv:2604.09328.
stages/stage14/archive/tasks/14-t3/literature-humbert-audit.md	literature,euler brick	# Stage14-t3 — literature audit for Humbert-Edge and elliptic-factor structure | René Peschmann, *Quartic reductions and elliptic obstructions for perfect Euler bricks*, arXiv:2604.09328. | René Peschmann, *Exponent-one blockers and a Mordell-Weil construction of Euler bricks*, arXiv:2605.00573. | The literature clearly contains the general Humbert--Edge decomposition and recent perfect-cuboid elliptic-quotient strategies. Stage14-t3 therefore makes no novelty claim for either ingredient in isolation.
stages/stage14/literature/14-4.md	k3,literature	# Literature radar — 14-4 | Current frontier: classify `Q`-rational physical `M`-degree-4 bisections on the Stage14 Kummer/K3 surface and determine whether they account for the observed `sqrt(B)` first-hit signal. | ### Shimada — level-4 modular K3 computational package | - Gives: the exact rank-20 Neron--Severi coordinate system and automorphism/fibration data for the same level-4 modular K3 used in `14-4ag`.
stages/stage14/literature/README.md	k3,literature	# Stage14 literature radar | Continuously read the current Stage14 frontiers (`14-4`, `14-s`, `14-t`, and when relevant `14-e`) and collect external literature that could shorten, close, or redirect one of those exact proof gaps. | The radar must follow the repository's current mathematics, not a fixed literature roadmap. When a track moves, its literature page should be updated to the new frontier. | stages/stage14/literature/
stages/stage14/literature/cross-track.md	k3,literature	# Literature radar — cross-track | - Gives: the exact rank-20 NS coordinate system, `fsigma`, 40 distinguished `(-2)` curves, chamber data, `AutX0f`, torsion translations and `Galmu` for the Stage14 level-4 modular K3. | - Stage14 hook: compare directly with the Stage14-s1 split covering equations. A successful transplant would give an arithmetic small-point filter independent of the K3 lattice route; a failure will identify the precise structural obstruction. | _Next cross-track handoff triggers: (1) `M` identified in Shimada coordinates -> notify 14-4 immediately and send resulting bisection orbits to 14-s/14-t; (2) Stage14 Szpiro ratio controlled -> notify 14-s; (3) Le Boudec Lemma 2 matches the s1 split covering variables -> open a dedicated arithmetic proof task rather than continuing broad literature search._
stages/stage20/20-30/audit.md	literature,space-diagonal	The conditional Stage18->Stage20 survival ratio M_3(B)/M_2(B) is correctly deferred to Stage26 and is not double-charged inside Stage20. Finite data remain COMPUTED evidence only, literature/construction families require adaptation before quantitative reuse, no space-diagonal condition is imposed, and no perfect-cuboid conclusion is made.
stages/stage20/20-30/result.md	literature,space-diagonal	The Stage20-20 finite table is not used to infer an exponent. Literature families and constructions, if imported later, must first be adapted to primitive/canonical R<=B and distinguished from a matched population asymptotic. | No integral-space-diagonal condition is imposed. No perfect-cuboid existence/nonexistence statement is made.
stages/stage20/20-50/audit.md	saunderson,space-diagonal	This proves Stage20 infinitude and a positive-power lower bound. It does not prove that `1/6` is the true exponent, does not match the Stage14-e8 upper envelope, and does not give an asymptotic. The checkpoint30 growth-law OPEN_GATE therefore remains valid. Stage18->Stage20 conditional thinning remains reserved for Stage26. No integral-space-diagonal condition or perfect-cuboid conclusion is introduced. | The reference to the classical Saunderson identity is provenance only; the proof used for this checkpoint is internal and does not depend on an external bounded-height theorem.
stages/stage20/20-50/construction-proof.md	saunderson,euler brick	The starting identity is the classical Saunderson/Sounderson Euler-brick construction, also recorded as Corollary 3 in Djamel Himane, *Primitive Euler brick generator* (arXiv:2405.13061). The Stage20 adaptation below is proved directly and does not rely on a bounded-height claim from that paper. | Thus `(A,B,C)` is an Euler brick for every even `m>=10`.
stages/stage23/23-10/result.md	space-diagonal,zero-density	This ratio answers: among the common geometric scale and integral-space-diagonal environment, how much smaller is the exactly-two-face stratum than the exactly-one-face stratum? | The Stage19 causal result identifies a paired Gaussian-norm squareclass coincidence and split-prime valuation-parity sieve as a zero-density mechanism, while explicitly leaving the independence comparison against prior conditions unresolved for Stage23/24.
stages/stage23/23-30/attack-priority-ledger.md	k3,zero-density	| Q04 K3/Kummer/fiber-product alternate coordinates | P1 | alternate geometric receiver if Q06/Q03 stall | QUEUED_2 | | Q04 becomes the next geometry weapon if Q06 does not produce a stronger physical-height count or if Q03's elliptic model suggests a K3/Kummer/fiber-product lift. | Q11 becomes the next local-sieve upper weapon if a uniformity statement is available that converts fixed-prime overlap rejection into a bound that is genuinely stronger than qualitative zero density. Its existing qualitative zero-density role is not double-counted with the Stage14 half-power theorem.
stages/stage25/25-30/discovery-ledger.md	literature,zero-density	CANDIDATES_REJECTED_WITH_REASON=D30-6:interaction-baseline belongs checkpoint60 and is not needed to prove checkpoint30 endpoint ratio;D30-7:independent Stage24 zero-density mechanisms cannot be multiplied into the inherited power upper and belong checkpoint40/60 provenance work;D30-8:order-chamber q is not the Stage23 shared-edge a/b/c channel and no denominator adapter is proved, so it cannot support a Stage25 directional ratio | 8. literature/repository exploration: `REPOSITORY_FOUND;EXTERNAL_NOT_APPLICABLE_WITH_REASON` — checkpoint30 imports no new external theorem.
stages/stage25/25-60/r505-r506-audit.md	k3,literature	PR #990 proposes to move that residual lane to `EXTERNAL_THEOREM_GATE` because a bounded repository/primary-literature search found no ready same-measure adapter. | The current evidence is not yet strong enough for that transition. The discovery ledger names only the broad surface `R504 elliptic-K3/base-change primary literature`; it does not record concrete primary sources/candidate base changes, accepted/rejected candidate instances, or a route-by-route reason why the three previously OPEN mechanisms now require genuinely new external/parametric input rather than another executable repo-native mutation.
stages/stage25/25-60/r505-r506-discovery-ledger.md	k3,literature	REUSE_SEARCH_SCOPE=ARSENAL,NUM_INDEX,STAGES,SUPPLEMENTS,ARCHIVE,PRS,STAGE14_15_ATTACK_LEDGER,PRIMARY_LITERATURE | - Kummer/K3 primary literature: geometry/rank-jump mechanisms only; no direct exact Stage19 count; `ADAPTER_REQUIRED`. | - Kumar--Kuwata, `arXiv:1409.2931`: explicit Mordell--Weil lattices and base changes on Kummer/Inose-associated K3 surfaces, including CM/isogenous cases. Relevant candidate-generation machinery, but different fibrations/height contracts; no direct R504 population adapter. | - Salgado, `arXiv:1307.3994`: rank-jump mechanism for elliptic K3 surfaces with two elliptic fibrations. It proves existence/rank-jump statements under geometric hypotheses, not the exact bounded-height Stage19 family count required here.
stages/stage25/25-reentry-10/weapon-delta.md	saunderson,k3	Phase60 receives the Stage20 K3/local-sieve/Saunderson weapons and the Stage18 toric source interface. It must prove its own Stage18-to-Stage20 population and multiplicity adapters. It may not import the Stage24 space-square survival cost as an independent third-face probability.
stages/stage25/25-reentry-60/completion-proof.md	saunderson,k3	The explicit Saunderson family proves `M3(B)>0` for all sufficiently large `B`, so the ratio is eventually defined. Using the host asymptotics, | The K3 cover is not assigned a fake `(a,b)` difference from the host. No product of S20-W01 and S20-W03 is taken as independent saving. The local blocker remains causal/sieve input, while the thin-cover upper remains the certified quantitative ceiling.
stages/stage25/25-reentry-60/completion-registry.json	k3,space-diagonal	"M2": "primitive canonical exactly-two-face cuboids; no space-diagonal integrality; R<=B", | "M3": "primitive canonical Euler cuboids; no space-diagonal integrality; R<=B", | "target": "degree-2 K3 third-face-square cover",
stages/stage25/25-reentry-60/discovery-ledger.md	saunderson,k3	- `S1415-ATTACK-0216`: Euler K3 cover and fixed-prime causal law; | - `S20-W02`: primitive Saunderson `B^(1/6)` lower family; | - r011a: audited geometric `(a,b)` ledger; used only to fence false pole/Picard extrapolations through the K3 cover.
stages/stage25/25-reentry-70/audit.md	k3,manin	The arsenal promotions S25-W05 and S25-W06 are accepted with their scope firewalls. In particular, the Manin `(a,b)` transition ledger is not extended across the K3 cover, local sieve and thin-cover losses are not multiplied as independent factors, and no perfect-cuboid conclusion is inferred.
stages/stage26/26-10/comparison-lattice.md	k3,space-diagonal	All counts use primitive canonical objects, the Euclidean cutoff \(R\le B\), and no space-diagonal condition. | Future checkpoints may compare analytic thin-cover, local squareclass, explicit-construction, K3/fibration, and finite-computation lanes. Checkpoint10 only freezes the lattice; it does not select a winning mechanism.
stages/stage26/26-10/contract_audit.py	k3,literature	"K3_FIREWALL=ACTIVE", | "NO_GLOBAL_LITERATURE_EXHAUSTIVENESS_CLAIM=true",
stages/stage26/26-10/result.md	k3,manin	The raw pair host is the split degree-four del Pezzo surface \(\operatorname{Bl}_4(\mathbf P^1\!\times\!\mathbf P^1)\); imposing the third face passes to a degree-two K3 cover. The geometric Manin ledger describes the raw host only and does not transfer an ambient asymptotic to the K3 target. | K3_FIREWALL=ACTIVE | MANIN_HOST_ASYMPTOTIC_TRANSFER_TO_K3=false
stages/stage26/26-30/audit.md	k3,manin	Likewise `H_ge2=M2+M3~M2` and `P=M2+3M3~M2`. No asymptotic for M3 itself, true M3 exponent, K3 Manin transfer, independence law, or perfect-cuboid conclusion is inferred. The checkpoint20 finite panel is regression evidence only and is not used as an asymptotic proof.
stages/stage26/26-30/ratio-registry.json	k3,manin	"K3_Manin_transfer": false,
stages/stage26/26-30/result.md	k3,manin	K3_MANIN_TRANSFER=false
stages/stage26/26-30/verify_26_30.py	k3,manin	assert reg['firewalls']['K3_Manin_transfer'] is False
stages/stage26/26-40/mechanism-ledger.md	k3,manin	The two-face pre-completion host is the split `4A1` quartic del Pezzo surface with smooth resolution `Bl_4(P1xP1)` and Picard rank six. Requiring the third face square defines the audited degree-two K3 cover. | - any transfer of the toric Manin `(a,b)` ledger through the K3 cover.
stages/stage26/26-40/upper-registry.json	k3,manin	"third_face_target": "degree_2_K3_cover", | "K3_Manin_transfer": false,
stages/stage26/26-40/verify_26_40.py	k3,manin	'K3_Manin_transfer', | 'K3_MANIN_TRANSFER=false',
stages/stage26/26-70/audit.md	k3,manin	The checkpoint60 theorem properly supersedes the older one-parameter `B^(1/6)` floor. The self-contained bundle and arsenal promotion preserve the endpoint and mechanism firewalls: no epsilon-free one-third lower, no fixed polynomial upper saving, no upper/lower match, no M3 asymptotic or true exponent, no K3 Manin transfer, no independence factorization, and no perfect-cuboid conclusion.
stages/stage26/26-70/closeout-registry.json	k3,manin	"K3_Manin_transfer": false,
.github/workflows/research-arsenal.yml	research arsenal	name: Research arsenal registry
docs/research-arsenal-index.json	manin	{"id":"S25-W06","status":"ACTIVE","type":"LEDGER","source":"docs/stage25-arsenal-promotion.md","output":"Manin transitions (2,2)->(1,4)->(1,6)"}
docs/stage14-arsenal-index.md	space-diagonal	| incidence graph | AR-004, AR-005 | Is the population integral-space-diagonal and degree uniform? |
docs/stage14-arsenal-stage15-map.md	space-diagonal	| AR-004 | `A_SIDE_ONLY` | Stage14 graph is on integral-space-diagonal `A_2`; ambient graph would need a new statement. | | | AR-005 | `FORBIDDEN_CROSS_PROMOTION` | Fiber and height bridge use the Stage14 integral-space-diagonal structure. |
docs/stage22-arsenal-promotion.md	manin	FINE_MECHANISM_STATUS=CLOSED_AT_GEOMETRIC_MANIN_INVARIANT_LEVEL
docs/stage24-arsenal-promotion.md	zero-density	3. the independent degree-two space-square thin-cover zero-density route.
docs/stage25-reentry-roadmap.md	space-diagonal	The order `24 -> 23 -> 22 -> 21 -> 20` is deliberate. Stage24 and Stage23 directly consume the final Stage25 `N2` work. Stage22 then strengthens the two-face source needed by Stage20/26. Stage21 supplies the comparison for space-diagonal interactions. Stage20 is attacked last, after those weapons are available, rather than being treated as already exhausted by its earlier baseline pass.
docs/structure-radar/audits/SR-BATCH-STAGE16_25_CURRENT-05-R01.md	literature	The submitted task contains 60 distinct source IDs. Progress records exactly 30 structure-carrier sources and 30 duplicate/no-distinct sources, totaling 60 decisions. The batch adds exactly three cards (`156`–`158`) and updates exactly four existing cards (`008`, `015`, `018`, `155`). No literature searches or arsenal decisions are charged in this batch.
docs/structure-radar/codex-delegation-policy.json	literature	"ROUTINE_LITERATURE_SEARCH", | "decision_rule": "Recommend Codex only when repository-mechanical execution, deterministic large-scale repair, or CI/workflow debugging is materially better suited to a coding agent. Keep mathematical classification, literature judgment, transfer analysis, and arsenal decisions with ChatGPT.", | "codex_result_rule": "Codex output never self-certifies mathematical or literature claims. ChatGPT must review any mathematical meaning introduced by repository changes before accepting them into StructureRadar." | "note": "Codex is for repository-mechanical work; Work is for external literature breadth and long document synthesis. Either or both may be declined by the operator without changing the other recommendation."
docs/structure-radar/controller.json	literature	"current_phase": "LITERATURE_SEARCH"
docs/structure-radar/exploration-queue.json	literature	"phase": "LITERATURE_SEARCH", | "required_output": "primary-source literature ledger and exact perfect-cuboid transfer decision" | "phase": "LITERATURE_SEARCH", | "required_output": "primary-source literature ledger and exact perfect-cuboid transfer decision"
docs/structure-radar/external-search/SR-STR-222-thorner-zaman-partial-upgrade.md	literature	# SR-STR-222 external literature follow-up — Thorner–Zaman partial upgrade | Input mode: Work external-literature search, then ChatGPT primary-source applicability check | Bombieri–Vinogradov / Barban–Davenport–Halberstam type results, including the number-field/sector literature already identified in tH33, average over moduli, classes, or related families. They do not directly discharge one frozen fixed-U modulus/residue packet without a separately proved exceptional-set-to-physical-measure adapter.
docs/structure-radar/progress.json	literature	"batch_id": "SR-BATCH-EXISTING_Q_LITERATURE-01-R01", | "batch_id": "SR-BATCH-EXISTING_Q_LITERATURE-01-R01", | "batch_id": "SR-BATCH-EXISTING_Q_LITERATURE-01-R01", | "batch_id": "SR-BATCH-EXISTING_Q_LITERATURE-01-R01",
docs/structure-radar/source-manifest.json	literature	"LITERATURE_RADAR": 39,
docs/structure-radar/source-manifest/part-0003.json	literature	"path": "stages/stage25/25-50/literature-recheck.md",
docs/structure-radar/source-manifest/part-0005.json	literature	"path": "stages/stage14/archive/tasks/14-4diH/literature.md", | "path": "stages/stage14/archive/tasks/14-4ghH/literature.md", | "path": "stages/stage14/archive/tasks/14-e1/literature-seed.md", | "path": "stages/stage14/archive/tasks/14-e10/literature-adelic-sieve-audit.md",
docs/structure-radar/source-manifest/part-0006.json	literature	"path": "stages/stage14/archive/tasks/14-s1/literature-selmer-audit.md", | "path": "stages/stage14/archive/tasks/14-s2/literature-local-selmer-audit.md", | "path": "stages/stage14/archive/tasks/14-s3/literature-height-audit.md", | "path": "stages/stage14/archive/tasks/14-sH44/literature.md",
docs/structure-radar/source-manifest/part-0007.json	literature	"path": "stages/stage14/archive/tasks/14-sH71/literature.md", | "path": "stages/stage14/archive/tasks/14-t1/literature-triple-audit.md", | "path": "stages/stage14/archive/tasks/14-t2/literature-quantitative-audit.md", | "path": "stages/stage14/archive/tasks/14-t3/literature-humbert-audit.md",
docs/structure-radar/source-manifest/part-0009.json	literature	"path": "stages/stage14/literature/14-4.md", | "path": "stages/stage14/literature/14-s.md", | "path": "stages/stage14/literature/14-t.md", | "path": "stages/stage14/literature/README.md",
docs/structure-radar/work-delegation-policy.json	literature	"EXTERNAL_LITERATURE_BREADTH_SEARCH", | "note": "Codex remains for repository-mechanical failures or large deterministic repair/reindex work; Work is for external literature breadth and long document synthesis. Neither recommendation auto-invokes another product mode."
stages/stage14/archive/docs/q-research/stage14-q10-post-sqrt-dual-root-line-literature-radar.md	literature	# Stage14-q10 — post-sqrt dual-root-line literature radar | ## Exact Stage14 packet that literature must respect | Local orientation count is only `4^omega(C)=B^o(1)`.  Therefore a literature transfer must save on the **joint compatibility / reciprocal completion**, not by charging the same common core a second time. | ## Literature scan
stages/stage14/archive/docs/q-research/stage14-q10-summary.md	literature	Literature verdict: | STAGE14_Q10=COMPLETE_POST_SQRT_DUAL_ROOT_LINE_LITERATURE_RADAR
stages/stage14/archive/docs/q-research/stage14-q11-nearmax-pythagorean-correlation-literature-radar.md	literature	# Stage14-q11 — near-max Pythagorean correlation literature radar | This is the closest new literature to the **current geometric shape**, not to q10's old root-line shape.  The paper works directly on Pythagorean triples and proves joint Pythagorean recurrence for finite families of unimodular completely multiplicative functions.  Its proof combines two complementary mechanisms: | If that decomposition does not exist with the full physical masks retained, this literature is `BACKGROUND`, not a theorem import. | STAGE14_Q11=COMPLETE_NEARMAX_PYTHAGOREAN_CORRELATION_LITERATURE_RADAR
stages/stage14/archive/docs/q-research/stage14-q12-gaussian-norm-collision-literature-radar.md	literature	# Stage14-q12 — Gaussian norm-collision literature radar | This is the closest direct literature match to the new 4du geometry. It studies pair correlations of logarithms of integral values of quadratic norm forms, including `K=Q(i)`, hence ratios of sums of two squares / Gaussian norms. The paper proves asymptotic pair-correlation measures with quantitative error terms across scaling regimes. | This is genuinely closer to q12 than the q11 multiplicative-function recurrence literature. | STAGE14_Q12=COMPLETE_GAUSSIAN_NORM_COLLISION_LITERATURE_RADAR
stages/stage14/archive/docs/q-research/stage14-q12-summary.md	literature	The closest new literature is Parkkonen–Paulin 2026, *On the multiplicative pair correlations of sums of two squares* (arXiv:2602.13058). It directly studies multiplicative pair correlations of quadratic norm-form values, including Gaussian norms, and is therefore a genuine match to the new repeated-candidate equation | STAGE14_Q12=COMPLETE_GAUSSIAN_NORM_COLLISION_LITERATURE_RADAR | STRICT_SUBSQRT_POWER_SAVING_FROM_LITERATURE_PROVED=false
stages/stage14/archive/docs/q-research/stage14-q13-correlation-only-literature-radar.md	literature	# Stage14-q13 — correlation-only literature radar | The q13 search therefore does not reopen generic balanced-divisor existence, q10 inverse-fraction cancellation, q11 Hecke/Pythagorean structure, or q12 norm-ratio pair correlation. It asks whether recent literature can control the **joint** divisor/projective/modulus correlation with the Stage14 weights still attached. | At the merged boundary this branch still asks for a reverse-multiplicity analysis from fixed `(C, primitive ray)` back to canonical allocation backgrounds. That is an exact Stage14 fiber/reconstruction question, and the current mainline explicitly marks `GLOBAL_PRIMITIVE_RAY_MULTIPLICITY_BOUND=UNPROVED`. It should be reduced internally before q spends another literature pass on it. | STAGE14_Q13=COMPLETE_CORRELATION_ONLY_LITERATURE_RADAR
stages/stage14/archive/docs/q-research/stage14-q13-summary.md	literature	STAGE14_Q13=COMPLETE_CORRELATION_ONLY_LITERATURE_RADAR | STRICT_SUBSQRT_POWER_SAVING_FROM_LITERATURE_PROVED=false | The strongest new literature lead for the low common core is de la Bretèche--Tenenbaum's multivariable arithmetic-function mean-value framework at polynomial arguments. It can naturally see the polynomial tuple `(a,b,a^2+b^2)`, but no direct Stage14 saving follows until the exact charged-once canonical allocation weight is shown to satisfy its admissibility hypotheses and the resulting local product gives an actual fixed power rather than expected-order/logarithmic control.
stages/stage14/archive/docs/q-research/stage14-q14-reciprocal-divisor-window-literature-radar.md	literature	# Stage14-q14 — reciprocal divisor-window literature radar | WHY_EXISTING_Q_LEDGER_DOES_NOT_ALREADY_ANSWER_IT=Stage14-q13 deliberately left the heavy primitive reciprocal-ray branch as an internal reverse-multiplicity problem and did not run an external theorem search for it. Merged 4fg+s7-89+brX30 now identify that branch exactly as a divisor-in-a-reciprocal-window selector on one normalized radial integer n, with finite-fiber equivalence between global and s. This is a new literature-addressable object. The fixed-U projective-prime side was already independently audited negatively by tH29 and is not re-searched broadly here. | It is a genuine primary-source example where a prime variable and a divisor-window condition are controlled in one theorem architecture, so it is the closest literature family found in this pass to a possible divisor-window/prime-window bridge. | A targeted prima
