07	SRC-F7A5755105C3	14-bridge2	EXACT=-	BROAD=-	REG=-	stages/stage14/data/14-bridge2/p7_row_packet_summary.json
08	SRC-37929EF5409F	14-bridge3	EXACT=-	BROAD=-	REG=-	stages/stage14/data/14-bridge3/residual_direction_drift_summary.json
12	SRC-C670DF0B62A0	14-e2	EXACT=-	BROAD=-	REG=-	stages/stage14/data/14-e2/ambient_reconnaissance.json
15	SRC-E001EA09C399	14-e5	EXACT=-	BROAD=-	REG=-	stages/stage14/data/14-e5/space_filter_comparison_audit.json
17	SRC-648501F7E828	14-e7	EXACT=-	BROAD=-	REG=-	stages/stage14/data/14-e7/secondary_crossover_audit.json
20	SRC-0532FBA4BB15	14-num-alpha10	EXACT=-	BROAD=-	REG=-	stages/stage14/data/14-num-alpha10/b400m_manifest.json
21	SRC-FAA4CD0C773E	14-num-alpha11-diag1	EXACT=-	BROAD=-	REG=-	stages/stage14/data/14-num-alpha11-diag1/shell_distribution_summary.json
22	SRC-88BE6A73D6E6	14-num-alpha11-diag10	EXACT=-	BROAD=-	REG=-	stages/stage14/data/14-num-alpha11-diag10/README.md
23	SRC-2106A87EA273	14-num-alpha11-diag10	EXACT=-	BROAD=-	REG=-	stages/stage14/data/14-num-alpha11-diag10/finite_count_summary.json
24	SRC-64383F0CADDC	14-num-alpha11-diag11	EXACT=-	BROAD=-	REG=-	stages/stage14/data/14-num-alpha11-diag11/cumulative_survival_summary.json
25	SRC-34CE15B4D50D	14-num-alpha11-diag2	EXACT=-	BROAD=-	REG=-	stages/stage14/data/14-num-alpha11-diag2/shell50_distribution_summary.json
26	SRC-87621FF80FD0	14-num-alpha11-diag3	EXACT=-	BROAD=-	REG=-	stages/stage14/data/14-num-alpha11-diag3/homogeneity_summary.json
27	SRC-951BED9A0173	14-num-alpha11-diag4	EXACT=-	BROAD=-	REG=-	stages/stage14/data/14-num-alpha11-diag4/arithmetic_summary.json
28	SRC-D76B4ACF27B7	14-num-alpha11-diag4	EXACT=-	BROAD=-	REG=-	stages/stage14/data/14-num-alpha11-diag4/two_face_local_qr_audit.json
29	SRC-310CF52B97A1	14-num-alpha11-diag5	EXACT=-	BROAD=-	REG=-	stages/stage14/data/14-num-alpha11-diag5/cluster_summary.json
30	SRC-ECD2752AE235	14-num-alpha11-diag6	EXACT=-	BROAD=-	REG=-	stages/stage14/data/14-num-alpha11-diag6/matched_one_two_summary.json
31	SRC-39A36B43CA9A	14-num-alpha11-diag7	EXACT=-	BROAD=-	REG=-	stages/stage14/data/14-num-alpha11-diag7/second_face_survival_summary.json
32	SRC-164B414B8E31	14-num-alpha11-diag8	EXACT=-	BROAD=-	REG=-	stages/stage14/data/14-num-alpha11-diag8/extended_denominator_summary.json
33	SRC-22BC734BDBC9	14-num-alpha11-diag9	EXACT=-	BROAD=-	REG=-	stages/stage14/data/14-num-alpha11-diag9/shell_survival_summary.json
34	SRC-D20B0DF64536	14-num-alpha11	EXACT=-	BROAD=-	REG=-	stages/stage14/data/14-num-alpha11/b500m_manifest.json
35	SRC-BB53DF6DD02C	14-num-alpha8	EXACT=-	BROAD=-	REG=-	stages/stage14/data/14-num-alpha8/b200m_manifest.json
36	SRC-E49D6C0BAE66	14-num-alpha9	EXACT=-	BROAD=-	REG=-	stages/stage14/data/14-num-alpha9/b300m_manifest.json
37	SRC-3D41F32286B1	14-num1	EXACT=-	BROAD=-	REG=-	stages/stage14/data/14-num1/baseline_manifest.json
38	SRC-0893915C5035	14-num2	EXACT=-	BROAD=-	REG=-	stages/stage14/data/14-num2/benchmark_after.json
39	SRC-2B0829FC4ACE	14-num2	EXACT=-	BROAD=-	REG=-	stages/stage14/data/14-num2/benchmark_before.json
40	SRC-739EC5F3B337	14-num3	EXACT=-	BROAD=-	REG=-	stages/stage14/data/14-num3/census_manifest.json
41	SRC-CD4034944FA7	14-num4	EXACT=-	BROAD=-	REG=-	stages/stage14/data/14-num4/unified_fingerprint_manifest.json
42	SRC-D46DEEFC43F3	14-num5	EXACT=-	BROAD=-	REG=-	stages/stage14/data/14-num5/scaling_anomaly_manifest.json
43	SRC-502566BB20E8	14-num6	EXACT=-	BROAD=-	REG=-	stages/stage14/data/14-num6/rolling_append_manifest.json
47	SRC-82DE51BE6F99	14-s4a	EXACT=-	BROAD=-	REG=-	stages/stage14/data/14-s4a/active_fingerprint_summary.json
48	SRC-8C89359FB2ED	14-s4b	EXACT=-	BROAD=-	REG=-	stages/stage14/data/14-s4b/coarse_cluster_summary.json
