SR-STR-001	Primitive canonical cuboid population convention	primitive canonical Euler cuboid normalization	Positive edges are normalized by 0<a<b<c and gcd(a,b,c)=1 under a declared height and exact face-mask convention.
SR-STR-002	Saunderson parametrization of primitive Euler bricks	Saunderson Euler brick parametrization; primitive Euler bricks Pythagorean triples	For a primitive Pythagorean triple (u,v,w), A=u|4v^2-w^2|, B1=v|4u^2-w^2|, C=4uvw; the generalized family yields M3(B)>>_epsilon B^(1/3-epsilon).
SR-STR-003	Degree-two K3 cover of the two-face toric Euler-brick host	K3 double cover Euler brick surface; rational points degree two cover toric variety	On u^2=e^2+x^2 and v^2=e^2+y^2 adjoin z^2=x^2+y^2; the normalization is the degree-two K3 third-face cover.
SR-STR-004	Space-diagonal one-face transition asymptotic	one face Euler cuboid space diagonal asymptotic	For matched primitive canonical R<=B populations, N1(B)/M1(B)~(kappa*pi/18)(log B)^2/B.
SR-STR-005	No-space one-face to two-face transition asymptotic	Euler cuboid one face two face asymptotic	For matched primitive canonical R<=B populations, M2(B)/M1(B)~(4*pi^2*C_M2/3)(log B)^4/B.
SR-STR-006	Space-diagonal two-face versus one-face zero-density transition	two face one face integral space diagonal zero density	For matched primitive canonical space-diagonal populations under R<=B, N2(B)/N1(B)->0.
SR-STR-007	Directional exactly-two face-mask identities	directional Euler cuboid inclusion exclusion; exactly two face incidence mask	N2,a=A_ab,ac-A3, N2,b=A_ab,bc-A3, N2,c=A_ac,bc-A3; directional contrasts cancel A3.
SR-STR-008	Thin but infinite space-diagonal cover of the exactly-two-face host	square values on two face toric surface; thin infinite degree two cover Euler cuboid	On M2 impose w^2=e^2+x^2+y^2; B^(1/4)<<N2(B)<<_epsilon B^(1/2+epsilon), hence N2/M2->0 while N2->infinity.
SR-STR-009	Euler-completion proportion on the unmarked at-least-two-face host	Euler brick completion proportion M3 M2	H_ge2=M2+M3 and Phi=M3/(M2+M3), with Phi->0.
SR-STR-010	Multiplicity-three Euler-completion proportion on raw face-pair incidences	Euler brick raw pair incidence completion proportion	P_j=M2,j+M3, P=M2+3M3, Theta_j=M3/P_j and Theta=3M3/(M2+3M3). For every fixed eta<1/46, B^(-5/6)(log B)^(-5) << Theta_j,Theta <<_eta (log B)^(-eta), so the literal same-measure completion proportions tend to zero; moreover Theta_j/Theta_k -> C_k/C_j. The adjacent-stratum object ratio M3/M2 is not a conditional probability.
SR-STR-011	Balanced Cayley-Gaussian packet normal form	Cayley transform Gaussian integer Pythagorean packet	Every active Stage14 face is covered by finitely decorated Cayley/Gaussian strips after gcd, sign, 2-primary and dyadic localization.
SR-STR-012	Uniform elliptic finite-fiber degree bridge	uniform rational points elliptic curve finite fibers	For E_t:Y^2=X(X-1)(X+t^2), exact 2-torsion and polynomial model heights, a uniform theorem gives deg_B(F)=B^o(1).
SR-STR-013	Primitive-first Möbius reindexing	primitive lattice point Mobius inversion before truncation	Insert common-scale Möbius inversion before truncation so primitive coefficients and boundary layers use natural variables.
SR-STR-014	Stage14 exact finite census and regression oracle	perfect cuboid exact finite census	Locked primitive canonical integral-space exactly-two census under d<=B with exact objects and masks through the frozen cutoff.
SR-STR-015	R504 elliptic base-change exceptional Prym locus gate	exceptional Prym locus elliptic base change; Kummer surface Prym exceptional specialization	In audited R504, rank E_F(Q(k))=1 with primitive generator P and the original 3P family has Theta(B^(1/10)); after the explicit nonsplit degree-two rank jump, the known physical rank-two lattice has image P+2E_H(Q(u)), intersection aP+bR with a odd and b even, minimum nondegenerate norm 5, P+2R growth Theta(B^(1/12)), and total known-lattice upper O(B^(1/10) log B). For the complete full-split family Hom_K(P_eta,E0_K)=0 generically, while the rational exceptional Prym/E0 isogeny locus is an unbo
SR-STR-016	Mixed-parity C17 genus-one lower family	quartic curve p4 q4 17 square Euler cuboid	For coprime p,q with p^4+q^4=17Z^2, e=4pq, x=4p^2-q^2, y=4q^2-p^2 and D=17Z give N2,c(B)>>sqrt(log B) on the physical cone.
SR-STR-017	Euler third-face local blocker law and dimension-two sieve	local density Euler brick third face square; Selberg sieve dimension two quadratic residue	For x^2+y^2=square, delta_2=2/9 and delta_p=2(p-chi_4(p))/(p^2+6p+1)=2/p+O(p^-2).
SR-STR-018	Matched face-space population cross-ratio invariant	ratio of ratios Diophantine counting populations	I=(N2/M2)/(N1/M1)=N2*M1/(M2*N1) on matched populations; I>>B^(1/4)(log B)^(-7).
SR-STR-019	Nested divisor-root first-moment receiver	nested divisor quadratic roots first moment	Nested divisors t_p|m°, t_q|m°, f|t_pt_q plus two moving quadratic roots need a uniform every-cell first moment.
SR-STR-020	Safe-range fixed-residue Gaussian-prime sector occupancy	Gaussian primes arithmetic progression sector uniformity	In Q(i), one residue modulo d in a fixed D4 sector has pointwise long-interval occupancy inside the Kai/Mitsui range.
SR-STR-021	Super-Kai individual Gaussian-residue occupancy gate	Gaussian primes large modulus individual residue lower bound	Beyond the Kai envelope there is no audited unconditional every-residue lower-density theorem, even for d=B^o(1).
SR-STR-022	Scalar host versus factor-pair measure separation	factor pair measure versus product variable	A divisor-many n=Em map does not replace an (E,m) measure while pair-dependent filters remain.
SR-STR-023	Conditioned-kernel measure firewall	same kernel different conditioned measure	Identical inner reciprocal-CRT equations under different outer conditioning do not transfer savings.
SR-STR-024	Valuation-reduced character recombination receiver	valuation decomposition character sums target residue	Valuation strata reduce to Q_nu,rho_nu and principal mass plus aggregate nonprincipal characters.
SR-STR-025	Target-class mass countermodel	Parseval does not imply pointwise positivity	Total mass and L1/L2 Fourier identities may hold while a designated target residue has zero mass.
SR-STR-026	Averaged-versus-every-cell exceptional-set firewall	average theorem to pointwise exceptional set transfer	An averaged theorem needs an exceptional-set bridge in the same charged physical measure before pointwise reuse.
SR-STR-027	Weighted coprime rectangle convolution	weighted coprime rectangle Dirichlet convolution	Factor a two-variable coprime sum into one-variable series and a controlled cross correction.
SR-STR-028	Core-wing-shallow boundary separation	lattice point core wing boundary decomposition	Separate small-coordinate wings and shallow-height sectors before smooth core transfer.
SR-STR-029	Fixed-prime overlap sieve with ordered limits	fixed prime sieve ordered limits	Use every fixed finite inert-prime set, take B to infinity, then grow the set to prove overlap little-o.
SR-STR-030	Ordered-chamber Gelfand-Leray directional transfer	Gelfand Leray ordered chamber	Integrate coarea density over 0<a<b<c chambers to obtain directional constants.
SR-STR-031	Finite-order Selberg-Delange theorem contract	finite order Selberg Delange uniform remainder	For F(s)=zeta(s)^zH(s), verify factorization, analytic region, growth and coefficient majorants.
SR-STR-032	Exact shared-hypotenuse representation convolution	shared hypotenuse Pythagorean convolution	For x^2+y^2=p^2 and p^2+c^2=d^2, C_raw=2 sum H(p)L_B(p), then correct primitive multiplicity separately. Stage14-t2 further gives a quantitative Pythagorean-chain envelope on the moving triple correction, with the strongest frozen global boundary T(B)=o(B(log B)^3); this is not a square-root or strict sub-square-root theorem and moving-base summation remains the obstruction.
SR-STR-033	Mod-7 two-parameter exactly-one-face family	parametric Euler cuboid exactly one face mod 7	Coprime m=2 mod14,n=1 mod14 give a primitive integral-space exactly-one family with N1(B)>>B^(1/2).
SR-STR-034	Matched second-face survival diagnostic	matched population survival diagnostic	Compare matched finite exactly-one sources and exactly-two survivors under one cutoff and orientation.
SR-STR-035	Local-class and face-graph cluster diagnostic panel	Euler cuboid congruence cluster diagnostic	Condition the frozen N2 census on congruence classes, repeated diagonals and graph clusters.
SR-STR-036	Primitive Euclid face decomposition	primitive Pythagorean triple distinguished leg parametrization	An integral right-triangle face with a distinguished leg has a unique scale times primitive Euclid certificate.
SR-STR-037	Exact two-face gluing with multiplicity one	gluing two Pythagorean triangles common leg	Two primitive oriented Pythagorean faces glued on a common physical leg reconstruct a primitive canonical cuboid without hidden scale multiplicity.
SR-STR-038	Raw-pair face-incidence graph identity	Euler cuboid face incidence graph identity	E(B)=N2(B)+3T(B)=1/2 sum_F deg_B(F), hence N2(B)<=E(B), on the Stage14 integral-space raw-incidence graph. Stage14-t20 corrects the triple-collision measure to raw-pair edges: for kappa(e)=[d^2-s^2], the trivial class has n_1(B)=3T(B), hence 9T(B)^2<=Q_edge(B). This is an exact population identity, not a collision saving.
SR-STR-039	Stage14 integral-space exactly-two half-power upper theorem	integral space diagonal Euler cuboid two face upper bound	For primitive canonical 0<a<b<c with integral d<=B and exactly two integral faces, N2(B)<<B^(1/2+o(1)).
SR-STR-040	Consumed and superseded asset recharge discipline	no double counting proof reduction ledger	Each support, core and fiber is charged once; superseded theorems retain valid lemmas but consumed data cannot be recharged.
SR-STR-041	Oriented-record to canonical face-incidence projection	oriented Pythagorean records canonical cuboid projection	Oriented face records project with exact factor two to canonical face incidences, with one/two/three-face overlaps corrected separately.
SR-STR-042	Physical restrictions as monotone post-filters for upper bounds	Diophantine upper bound physical post filters	Positivity, ordering, primitivity, parity, space square and exact face masks may only reduce a proved algebraic superset upper bound.
SR-STR-043	Common-core decomposition and high-core emptiness	common divisor core endpoint product obstruction	A common Cayley core divides endpoint products; surviving nonproportional fixed-power cells satisfy core exponent chi<=1/4.
SR-STR-044	Primitive Gaussian root-line lattice count	primitive lattice points quadratic congruence Gaussian root line	Count primitive (U,V) on quadratic CRT root lines C0|a0^2U^2+b0^2V^2 without a crude boundary loss.
SR-STR-045	Primitive-ratio rigidity and one-pair reconstruction	primitive ratio rigidity quadratic reconstruction	One primitive agreement pair determines the opposite agreement product and moving root product up to divisor-many fibers.
SR-STR-046	Endpoint-linear column reconstruction	linear endpoint determinant variable reconstruction	Reduced endpoint forms L_-=J_-h_- and L_+=J_+h_+ reconstruct the column variable M with quantified short support.
SR-STR-047	Reverse reciprocal difference-of-squares reconstruction	coupled difference of squares divisor reconstruction	For fixed (U,V,M), two coupled difference-of-squares factorizations leave only divisor-many completions.
SR-STR-048	CRT row lift as post-reconstruction filter	CRT congruence post reconstruction filter	After reverse reconstruction fixes divisor-many row candidates, CRT congruences only reject candidates and add no independent support power.
SR-STR-049	Fixed-outer common-gcd square-divisor adapter	common gcd square divisor fixed polynomial value	The odd common gcd of a quadratic root pair has square dividing already-fixed outer data, so only divisor-many gcd choices remain.
SR-STR-050	Proportional four-cell root-gcd transfer	Gaussian root gcd proportional branch	In the proportional branch, same-side and cross-side Gaussian root gcds force square divisibility and give a sub-half-power branch bound.
SR-STR-051	Polynomially bounded divisor and finite-fiber adapter	uniform divisor bound polynomial height finite fibers	For nonzero n<=B^C, divisor-many choices or uniformly finite fixed-degree fibers cost only B^o(1).
SR-STR-052	Gaussian quotient and cross-resultant dictionary	Gaussian integer quotient resultant congruence	Separate self-generated Gaussian root data from cross-point congruence information carried by quotients and resultants. Stage14-t68 sharpens the cross-resultant dictionary: after mutually Cayley-private conditioning, a canonical prime divides a cross resultant exactly when it appears as an extra divisor of the partner Cayley factor. Removing those contaminated pairs leaves no generic canonical-prime cross-resultant modulus, so the dictionary is a no-go boundary rather than a fresh saving.
SR-STR-053	Cayley-Gaussian squareclass orientation split	Gaussian prime orientation squareclass split	Primewise Gaussian orientations split one common core into same/opposite support corresponding to C_-|M-N and C_+|M+N without double charge.
SR-STR-054	Reciprocal divisor-CRT kernel	reciprocal divisor CRT kernel quadratic roots	The stable q17 inner problem consists of two coupled divisor choices, a factor-pair equation and two reciprocal CRT congruences.
SR-STR-055	Literal exactly-two-face space-diagonal subset contract	exactly two face cuboids integral space diagonal counting	N2(B)=M2(B) intersect {R integral} under the same primitive canonical object measure and cutoff R<=B; B^(1/4)<<N2(B)<<_epsilon B^(1/2+epsilon).
SR-STR-056	Parameter-mass versus physical-height lower-family exponent calculus	parametric family height exponent lower bound Diophantine	If #Omega(T)>>T^(kappa-o(1)) and R<<T^(h+o(1)) with controlled fibers, then N2(B)>>B^(kappa/h-o(1)); beating 1/4 requires kappa/h>1/4.
SR-STR-057	Toric master space-diagonal receiver on the two-face host	toric Euler brick space diagonal surface rational points	For x=m/n and y=r/s, the space condition is x^2 y^2+1=z^2(x^2+y^2).
SR-STR-058	Split-factor nonisotrivial genus-one tau torsor	genus one torsor split factorization Diophantine surface	(x^2-z^2)(y^2-z^2)=z^4-1; after tau=(x^2-z^2)/(z^2-1), the generic physical fiber is a smooth nonisotrivial genus-one binary quartic over Q(tau).
SR-STR-059	Tau-adic parity obstruction to a rational section	tau adic obstruction genus one torsor rational section	On the generic tau-fiber over Q((tau)), the affine right side has even valuation while tau*V^2 has odd valuation; the infinity squareclass (tau+2)/tau is also nonsquare.
SR-STR-060	Constant-u bisection genus and physical-degeneration barrier	constant parameter bisection genus one discriminant	For u=c, S^2=tau(tau+c^2+1)(tau^2+(c-1)(c-3)tau+2(c-1)^2); rational c not in {0,1} gives genus one, while the obvious degree-two points lie on z^2=1 boundary.
SR-STR-061	Affine-linear moving-u multisection discriminant classification	affine linear multisection genus two discriminant classification	For u=a*tau+b, S^2=tau G_tau(a*tau+b) is generically degree 6/genus 2; its rational discriminant components reduce to a=b, b=1, 4a^2-4ab-1=0, or F(a,b)=0, with the only rational simultaneous moving degeneration u=tau+1 on z=1.
SR-STR-062	Universal toric physical-height ledger and degree-eight saturation	toric parametrization common factor physical height degree	Raw toric edges have degree 2d_x+2d_y; after common factor degree g the algebraic physical degree is h_alg=2d_x+2d_y-g. Both R501 and R502 have h_alg=8, so one-parameter progress requires h_alg<8.
SR-STR-063	Tau pushforward invariant and collision receiver	tau pushforward collision equation toric rational points	tau=(x^2-z^2)/(z^2-1)=(x^2+1)/(y^2-1)=s^2(m^2+n^2)/(n^2(r^2-s^2)); equal-tau points satisfy the corresponding cross-multiplied collision equation.
SR-STR-064	Support-times-max-fiber upper exponent gate	pushforward support maximum fiber counting bound	If #T(B)<=B^(sigma+o(1)) and max_t w_B(t)<=B^(phi+o(1)), then N2(B)<=B^(sigma+phi+o(1)); strict sub-half requires sigma+phi<1/2.
SR-STR-065	Support-energy upper exponent gate	pushforward support second moment energy bound	If #T(B)<=B^(sigma+o(1)) and sum_t w_B(t)^2<=B^(eta+o(1)), then N2(B)<=B^((sigma+eta)/2+o(1)); strict sub-half requires sigma+eta<1.
SR-STR-066	Reduced tau height bound and height-only support no-go	rational height tau support upper bound toric	For reduced positive toric representatives under R<=B, H(tau)<2B^2; rational-height counting gives no improvement over the certified B^(1/2+epsilon) support bound.
SR-STR-067	Fixed-tau ambient conic before the space-square filter	fixed rational parameter genus one fiber height bound	For reduced tau=p/q, the toric host before imposing integral space diagonal has fixed-tau conic p*y^2-q*x^2=p+q.
SR-STR-068	Pointwise subpower fiber bound versus uniform max-fiber firewall	elliptic curve rational points fixed fiber rank uniformity	For each fixed tau, w_B(tau)<<_tau(1+log B)^(rank(E_tau(Q))/2), but no rank-uniform max_tau bound follows; fiber control alone cannot cross the half-power support wall.
SR-STR-069	Reduced tau core-scale decomposition	reduced rational invariant common core height decomposition	Writing the reduced tau numerator and denominator as A=pg and D=qg gives the exact core bound g<2B^2/H(tau).
SR-STR-070	Full collision-energy diagonal barrier	collision energy diagonal term barrier	The full tau energy satisfies E_tau=N2+C_tau and hence E_tau>=N2; inserting an ambient half-power estimate for E_tau cannot by itself prove a strict sub-half N2 bound.
SR-STR-071	Support/off-diagonal collision hybrid gate	support off diagonal collision hybrid inequality	With support S and off-diagonal collisions C, N2<=S+sqrt(S*C); if S<=B^sigma and C<=B^kappa, strict sub-half follows from sigma<1/2 and sigma+kappa<1.
SR-STR-072	Dyadic tau-height/core restart contract	dyadic rational height collision energy core bound	On H(tau)~T, the common core satisfies g<<B^2/T and the band count obeys N_T<=S_T+sqrt(S_T C_T); strict sub-half requires uniform bandwise support/collision savings.
SR-STR-073	Space-filtered fixed-tau genus-one fiber	fixed tau genus one fiber integral space diagonal	After fixing tau=p/q and restoring x^2*y^2+1=z^2*(x^2+y^2), the physical fixed-tau fiber is a smooth genus-one curve.
SR-STR-074	Physical-cutoff height transfer on a fixed-tau genus-one fiber	elliptic fiber physical cutoff coordinate height transfer	For fixed tau and physical R<=B, reconstructed coordinates satisfy H(z)<3B and H(u)<5B^(3/2), giving polynomial projective height on the fixed genus-one fiber.
SR-STR-075	Master-Hit Mordell-Weil Euler-brick blocker/generator candidate	Master Hit Euler brick Mordell Weil construction exponent one blocker	Peschmann arXiv:2605.00573 supplies Master-Hit coordinates with exponent-one blockers and a Mordell-Weil construction mechanism for Euler bricks.
SR-STR-076	Matched finite M2-M3 completion panel	matched finite Euler brick completion panel M2 M3	At common cutoffs B<=2000, exact primitive canonical no-space counts are joined by B and evaluated under H_ge2=M2+M3, P=M2+3M3, Phi=M3/H_ge2 and Theta=3M3/P.
SR-STR-077	Explicit one-parameter Saunderson coefficient floor	explicit Saunderson family coefficient Euler brick lower bound	For even m>=10, R<31m^6 and F_S(B)=max(0,floor((B/31)^(1/6)/2)-4); hence liminf M3(B)/B^(1/6)>=1/(2*31^(1/6)).
SR-STR-078	Tau/core gcd square-factor normalization	square-core decomposition at fixed tau and g; gcd decomposition reconstruction uniform counting arithmetic geometry	For tau=p/q and core g, exact square-divisor choices reconstruct the fixed-(tau,g) core with uniform subpower multiplicity; same-core collisions cost subpower and distinct-g collisions remain.
SR-STR-079	Normalized space squareclass collapse and diagonal two-quadrics receiver	moving diagonal intersection of two quadrics; squareclass normalization genus-one receiver uniform counting arithmetic geometry	After Gaussian-norm normalization the space condition collapses to one canonical squarefree coefficient, equivalently a moving diagonal intersection of two quadrics or a core quartic square receiver.
SR-STR-080	Three simultaneous norm-support restrictions on p q g	simultaneous Gaussian norm support; sum-of-two-squares support local support uniform counting arithmetic geometry	The reduced p and core g are sums of two squares, kappa=sf(p+q) is odd with all odd primes split mod 4, and the relevant scale variables are coprime.
SR-STR-081	Uniform moving-tau distinct-core ceiling	moving tau core bound; moving parameter count height bound uniform counting arithmetic geometry	The distinct-core count satisfies D_B(tau)<<_epsilon B^epsilon(B/sqrt(H(tau))+sqrt(B)), yielding a moving-tau fiber power bound but not a subpower bound.
SR-STR-082	Norm-support-only power-saving barrier	support-only no-go certificate; negative route certificate uniform counting arithmetic geometry	The three norm restrictions plus the core-height ceiling still admit an ambient necessary-condition set too large for a strict subhalf bound; diagonal reconstruction is essential.
SR-STR-083	Fixed-tau coarse-height half-power saturation family	r402a non-space stress family; stress-test family height saturation uniform counting arithmetic geometry	At tau=1/4 the coarse r402a height box contains a half-power family that can be forced exactly-two and non-space, with exact primitive scaling and R-factorization.
SR-STR-084	Exact normalized physical-height identity with primitive scale retained	Gamma-normalized height identity; exact height identity uniform counting arithmetic geometry	The normalized receiver satisfies Gamma^2 R^2=4 delta^2 h^2 J(p+q), with primitive scale Gamma retained and tau-asymmetric core-height consequences.
SR-STR-085	Cross-gcd primitive-scale factorization and physical diagonal product	three cross-gcd cancellation channels; gcd factorization exact reconstruction uniform counting arithmetic geometry	Three pairwise-coprime cross-gcd channels give Gamma=2 delta epsilon C and R=(h/epsilon) kappa w-prime c-prime with h*kappa<=epsilon B.
SR-STR-086	Residual-height versus cross-gcd threshold dichotomy	small-height large-cancellation split; threshold decomposition uniform counting arithmetic geometry	For residual positive integer L=w-prime c-prime=w c/C, a uniform threshold splits survivors into small h*kappa or large cross-gcd cancellation regimes.
SR-STR-087	Cross-gcd residual physical-coordinate chart	residual physical edge chart; coordinate normalization uniform counting arithmetic geometry	Absorbing cross-gcd channels yields exact residual edge and two face-diagonal formulas plus an exact physical-edge budget.
SR-STR-088	Residual squareclass incidence system and small-L witness	Stage19 L=1 witness; squareclass incidence counterexample uniform counting arithmetic geometry	The residual chart gives a coupled squareclass incidence system and an actual Stage19 witness with L=1, closing any unconditional pointwise L>1 claim.
SR-STR-089	Residual completion rigidity at fixed outer cell	one-completion residual rigidity; rigidity finite fiber uniform counting arithmetic geometry	After fixing the outer residual data, the completion variable has multiplicity at most one; the remaining obstruction is uniformity over moving coefficients.
SR-STR-090	Uniform Pell compression of the residual completion fiber	maximal-order Pell orbit count; Pell equation counting uniform counting arithmetic geometry	A maximal-order Pell count gives uniform subpower completion multiplicity without assuming uniform Mordell-Weil rank.
SR-STR-091	Squarefree-kernel paired-slope residue receiver	paired slope congruence modulo kappa; growing modulus congruence uniform counting arithmetic geometry	kappa divides m^2-n^2 and r^2+s^2, is coprime to mnrs, and imposes paired slope residue conditions modulo kappa.
SR-STR-092	Dyadic kappa raw-slope sieve	divisor-switch slope sieve; dyadic sieve uniform counting arithmetic geometry	On dyadic kappa bands, paired slope residues admit a raw slope-sieve bound with a divisor switch when K exceeds the height scale.
SR-STR-093	Raw-slope sieve composition barrier	early-sieve composition no-go; proof accounting uniform counting arithmetic geometry	Composing the raw kappa sieve with later physical fibers loses the apparent saving; the next valid target must weight by the physical budget first.
SR-STR-094	Physical-weighted fixed-kappa hyperbolic sieve	weighted hyperbolic pair count; hyperbolic sieve uniform counting arithmetic geometry	For fixed kappa a hyperbolic pair lemma counts physically weighted slope pairs with a 1/kappa-type saving before summing moduli.
SR-STR-095	Modulus-entropy barrier after physical weighting	dyadic modulus entropy loss; sieve entropy barrier uniform counting arithmetic geometry	Summing the fixed-kappa weighted bound over a dyadic modulus range cancels the 1/kappa saving; kappa is self-generated rather than independent.
SR-STR-096	Double-Pell compression at fixed self-generated kernel	two-Pell fiber compression; Pell compression reconstruction uniform counting arithmetic geometry	Fixing the kernel lets two residual equations be counted by independent uniform Pell lemmas and a third equation reconstructs rho uniquely.
SR-STR-097	M3-N2 population noncontainment firewall	Euler versus space completion noncontainment; population comparison uniform counting arithmetic geometry	M3 and N2 are noncontained subsets of the common two-face host; Stage20 third-face bounds and local factors do not directly bound the space-diagonal target.
SR-STR-098	Space-diagonal double cover of the common two-face host	space-square K3 double cover; double cover geometry uniform counting arithmetic geometry	In Pythagorean coordinates the space-square condition defines a degree-two cover with K3 canonical type on the common two-face host.
SR-STR-099	Branch-class comparison without branch equality	same divisor class different branch divisor; branch geometry comparison uniform counting arithmetic geometry	The space and third-face covers share the base host, branch divisor class and K3 canonical type, but not the same branch divisor; birational equivalence is unproved.
SR-STR-100	Legal thin-cover architecture transfer gate	K3 thin-cover transfer firewall; thin-cover transfer uniform counting arithmetic geometry	The space cover structurally matches the thin-cover architecture, while the Stage20 quantitative theorem and fixed-power saving do not transfer directly.
SR-STR-101	State-G local blocker transfer to the space diagonal	state-G space blocker law; local density transfer uniform counting arithmetic geometry	On the common host the state-G reduction is identical, giving delta_2=2/9 and delta_p=2(p-chi4(p))/(p^2+6p+1) for the space predicate.
SR-STR-102	Growing-prime host sieve for the space target	Huang ambient sieve set-inclusion transfer; growing-prime sieve uniform counting arithmetic geometry	By set inclusion in the same e11 sifted ambient family, the space target obeys B(log B)^5/(log log B)^2 on the host.
SR-STR-103	Space-diagonal torus factorization and squareclass receiver	Gaussian-norm space branch factorization; torus factorization uniform counting arithmetic geometry	The branch polynomial factors as (q1^2+q2^2)(q1^2 q2^2+1), producing a Gaussian-norm squareclass receiver.
SR-STR-104	Integral squareclass gcd kernel and cross-gcd localization	squarefree gcd kernel localization; gcd kernel prime localization uniform counting arithmetic geometry	After clearing denominators, the common squareclass is sf(gcd(F,G)); odd common primes are 1 mod 4 and localize to cross-gcd channels.
SR-STR-105	Fixed-coordinate squareclass support collapse	fixed-q squareclass support; fixed-coordinate support uniform counting arithmetic geometry	For fixed q1, every odd squareclass prime divides rad(a^4-b^4), H(q1)<=2B, and the number of squareclasses is subpolynomial.
SR-STR-106	Fixed q1-delta nonisotrivial genus-one fiber geometry	fixed q1 squareclass twist intersection of two quadrics; nonisotrivial genus one fibration quartic model	Fixing q1 and delta gives a smooth complete intersection of two quadrics with an explicit quartic genus-one model; the moving q1 family is nonisotrivial.
SR-STR-107	Squareclass support-fiber half-wall gate	half-wall support-fiber gate; support-fiber calculus uniform counting arithmetic geometry	After q1 is fixed the squareclass index costs subpower; strict subhalf still requires an independent q1-support plus uniform max-fiber or second-moment theorem.
SR-STR-108	Explicit moduli map and geometric twist split	j-map geometric twist decomposition; elliptic moduli map uniform counting arithmetic geometry	The fixed-fiber quartic has j-invariant depending only on x=q1, delta is purely a geometric twist, and physical q1-to-j multiplicity is at most two.
SR-STR-109	Twist-prime support inside the moduli degeneration divisor	twist primes on degeneration divisor; twist support uniform counting arithmetic geometry	Odd twist primes are Gaussian-split and lie in the support of x^4-1, the geometric degeneration divisor.
SR-STR-110	Moduli support exponent-equivalence barrier	height-only moduli support no-go; moduli support uniform counting arithmetic geometry	Bounded q1-to-j multiplicity makes occupied j-support exponent-equivalent to q1-support; squareclass multiplicity per j is subpower but height-only moduli reparametrization yields no saving.
SR-STR-111	Pointwise fixed q1-delta subpower count and uniformity firewall	uniform rational point count in moving elliptic curve family; Mordell-Weil rank uniformity bounded height genus one fibers	For each fixed (q1,delta), bounded-height rational points on the genus-one fiber contribute only a subpower count, but the constants and Mordell-Weil rank are not uniform in moving q1.
SR-STR-112	Common Jacobian of the fixed-q1 delta covering family	common Jacobian family of intersections of two quadrics; genus-one covering classes with fixed elliptic Jacobian	All fixed-(q1,delta) intersections of quadrics are genus-one coverings of one q1-dependent Jacobian, with delta changing the covering class rather than the Jacobian.
SR-STR-113	Delta fibers as descent coverings of one Mordell-Weil group	families of soluble torsors under one elliptic curve; descent classes versus Mordell-Weil rank entropy	For fixed q1, every soluble delta fiber maps to the same elliptic curve; delta indexes descent data and cannot be charged as independent rank entropy.
SR-STR-114	Full-2-torsion Selmer support under a physical cutoff	full rational 2-torsion descent support bound; number of Selmer classes supported on small prime sets	The common integral Jacobian has full rational 2-torsion, so its 2-coverings are supported on primes dividing the discriminant and physical cutoff data, giving only a subpolynomial Selmer universe.
SR-STR-115	Two-to-one elliptic receiver with polynomial height transfer	degree two map from quartic to elliptic curve; uniform polynomial height comparison under genus-one map	The fixed-(x,delta) quartic admits an explicit degree-two map to an integral elliptic model, and physical points of cutoff B map to rational points of polynomially bounded height.
SR-STR-116	Uniform bounded-height count on the moving elliptic receiver	uniform rational point bounds for integral elliptic curves; bounded-height points uniform in elliptic curve coefficients	A uniform rational-point theorem on the integral elliptic targets gives a subpolynomial count for every fixed (x,delta), with constants controlled across the moving family.
SR-STR-117	Occupied first-coordinate support controls the N2 exponent	support-size reduction for arithmetic family counting; occupied parameter support controls global exponent	After the uniform fixed-fiber bound and subpolynomial delta universe, the N2 count equals the exponent of occupied q1-support up to B^o(1); the same holds for bounded-multiplicity j-support.
SR-STR-118	Möbius injection from occupied q1 support to active-face support	Mobius transformation injection between arithmetic supports; exact coordinate adapter preserving counting packets	An exact fractional-linear coordinate adapter injects occupied q1 values into the frozen Stage14 active-face support and transfers packets without changing the physical cutoff measure.
SR-STR-119	Strict sub-half bound off the critical support wall	power saving away from critical support wall; off-diagonal support bound with fixed wall distance	For every fixed positive distance from the critical wall, occupied first-coordinate support is O(B^(1/2-epsilon)) up to subpower loss.
SR-STR-120	Critical support wall as the remaining N2 receiver	critical-wall localization of arithmetic support; gluing off-wall estimates to boundary receiver	Combining the support injection and off-wall estimate isolates a fixed critical wall neighborhood as the only possible half-power contribution to occupied q1 support.
SR-STR-121	No-independent-sieve certificate for the frozen local-root ledger	avoid double counting local solubility conditions; dependent sieve constraints on a prefiltered host	The Stage14 local-root conditions already define the active-face host; multiplying the same ledger into the critical-wall count would double-charge identical local information.
SR-STR-122	Diagonal slope-collision energy on critical support	injective ratio map has diagonal collision energy; failure of additive energy method on thin support	The natural q1/q0 slope adapter is injective on the critical occupied set, so its collision energy contains only diagonal pairs and yields no additive-energy saving.
SR-STR-123	Exponent-neutral q1 projections on critical support	bounded-fiber projection preserves support exponent; projection method barrier in arithmetic counting	Available projections from the critical occupied set have bounded fibers and images of the same exponent, so projection thinness alone cannot improve the half-power bound.
SR-STR-124	Fixed-width wall-slab upper-bound receiver	power saving in fixed-width critical slab; boundary-layer decomposition for arithmetic support	The global N2 upper bound reduces exactly to proving a power saving for occupied support inside one fixed-width slab around the critical wall, glued to the audited off-wall estimate.
SR-STR-125	Stage14 first-moment receiver restricted to the wall slab	first moment method on a restricted boundary slab; witness multiplicity deficit on critical support	The frozen MAIN first-moment host and witness multiplicities restrict to the fixed-width wall family without changing measure, leaving a wall-specific moment deficit as the target.
SR-STR-126	Monotone transfer of a wall moment deficit to N2	transfer of weighted moment saving to support size; monotone counting adapter from host to image	Any power-saving first-moment deficit on the physical wall host transfers monotonically to occupied q1 support and, after off-wall gluing, to the N2 count.
SR-STR-127	Physically weighted good-bad wall-cell dichotomy	weighted exceptional set dichotomy in arithmetic families; good fibers bad mass principle for first moments	A usable averaged theorem must split wall cells into good fibers with pointwise saving and bad fibers of small physical mass; an unweighted exceptional-cell count is insufficient.
SR-STR-128	Outer-U disintegration of the MAIN wall host	disintegration of weighted arithmetic counting measure; fiberwise estimates plus exceptional mass bound	The MAIN wall physical measure disintegrates exactly over an outer U-parameter, so a same-measure theorem may combine good fiber bounds with a bound for total bad physical mass.
SR-STR-129	Missing T-to-MAIN measure adapter for weighted averaging	comparison of two arithmetic family measures; common refinement domination for weighted exceptional sets	The T-route has the required weighted exceptional-set shape but its cells and weights are not yet dominated by the MAIN wall measure; a direct theorem or common refinement is required.
SR-STR-130	Nonclosure certificate for the current wall-averaging arsenal	incompatibility of averaged estimates across counting measures; same-measure requirement for arithmetic moment transfer	Existing fixed-witness moments, T exceptional classes, fixed-U averaging, and outer-U averaging do not supply the same-measure wall deficit required by the MAIN receiver.
SR-STR-131	Finite diagnostics for the N2 exponent receiver	finite diagnostics for support versus fiber growth; empirical wall concentration in arithmetic counting	Finite registries record occupied q1 support, fiber multiplicities, wall distance and weighted moments, separating support growth from within-fiber growth without asserting an asymptotic theorem.
SR-STR-132	Corridor-normalized directional receiver calculus	corridor decomposition for upper and lower exponents; conditional multiplicity receiver calculus	A frozen same-measure transition expresses global lower and upper exponents through corridor occupancy and conditional multiplicity, with directional receivers identifying which deficit would determine the exponent.
SR-STR-133	Half-power bottleneck taxonomy for the N2 upper attack	taxonomy of power-saving routes for arithmetic support; half-power barrier mechanisms in Diophantine counting	The strict sub-square-root attack is reduced to five audited route classes—host saturation, growing-modulus sieve, Kummer support, moving genus-one fibers, and external analytic receivers—with explicit incompatibility gates.
SR-STR-134	Fixed-moment exponent equivalence on the MAIN witness host	fixed moments versus support-size exponent; moment deficit criterion for sparse arithmetic hosts	For a fixed positive moment, the MAIN witness sum is exponent-equivalent to occupied support unless a genuine moment deficit is proved; fixed-moment repackaging alone gives no saving.
SR-STR-135	Weighted exceptional-class adapter for the T route	weighted exceptional classes in averaged number theory; exceptional set adapter preserving physical weights	A T-route averaged theorem is sufficient only in weighted form: good classes satisfy the target saving while exceptional classes carry power-saving total physical mass.
SR-STR-136	Balanced-wall common-core reconstruction barrier	reconstruction multiplicity on balanced arithmetic wall; common core decomposition with no double sieve	On the fully balanced wall, common-core scale splitting and reduced-column reconstruction leave a multiplicity term; root-line information cannot be recharged after it already defines the host.
SR-STR-137	Fixed-U averaging collapses to a pointwise gate	small class universe makes averaging ineffective; pointwise barrier for fixed-parameter exceptional sets	For fixed U the admissible class universe is subpolynomial, so removing only a fixed-power fraction of exceptional classes gives no exponent saving; the surviving theorem must control weighted bad mass.
SR-STR-138	Outer-U weighted exceptional-mass receiver	weighted exceptional mass over outer parameter; second moment bound in a disintegrated physical measure	Outer-U cardinality supplies no independent saving; closure requires either a power-saving bound for total bad physical mass or a weighted second moment in the same complete-host measure.
SR-STR-139	Same-measure physical occupancy L1/L2/exceptional-tail equivalence	weighted occupancy L1 L2 exceptional-tail equivalence; same-measure exceptional-mass moment comparison	On MAIN physical fibers, mu_x=H_x/H and rho_x=F_x/H_x in [0,1]. A fixed-power deficit in sum mu_x rho_x, sum mu_x rho_x^2, or the weighted tail mu{rho_x>B^-alpha} is equivalent up to constant exponent loss by Cauchy, rho^2<=rho, splitting, and Markov.
SR-STR-140	Uniform high-occupancy physical-mass deficit gate on the MAIN wall slab	weighted high-occupancy exceptional mass arithmetic fibers; uniform wall slab physical host mass deficit	For fixed eta0, alpha,beta>0, with E_alpha={(P,U):F_MAIN(P,U;B)>B^-alpha H_phys^MAIN(P,U;B)}, the missing theorem is sum_{E_alpha} H_phys^MAIN << B^-beta+o(1) sum_{P,U} H_phys^MAIN. It would imply a strict wall power deficit; no such alpha,beta are proved.
SR-STR-141	Exactly-one-face ambient population order and Pythagorean scale mechanism	exactly one integral face cuboid B^2 log B; scaled primitive Pythagorean face harmonic scale count	For primitive canonical R<=B cuboids with exactly one integral face and no space condition, M1(B) asymp B^2 log B and M1(B)/U(B) asymp log(B)/B. The power drop comes from replacing one free edge-pair by scaled primitive Pythagorean faces; the logarithm comes from the harmonic face-scale sum.
SR-STR-142	Ambient integral-space-diagonal cuboid asymptotic and zero-face dominance	primitive cuboids integral space diagonal asymptotic Catalan constant; Hurlimann primitive cuboid count B^2 32G	For primitive canonical R<=B cuboids with integral space diagonal and no face restriction, N_S^all(B)~B^2/(32G). The zero-integral-face subpopulation N_S^0(B) has the same main term, while the faceful complement is O_epsilon(B^(1+epsilon)); hence the intrinsic ambient space-diagonal cost relative to U(B) is one power of B.
SR-STR-143	Exactly-two-face ambient asymptotic and cubic-host thinning law	exactly two integral faces cuboid asymptotic B log^5 B; Euler cuboid two-face ambient density	For primitive canonical R<=B cuboids with exactly two integral face diagonals and no space-diagonal condition, M2(B)~C_M2 B(log B)^5 with C_M2>0; against U(B)=pi B^3/(36 zeta(3))+O(B^2), M2/U~[36 zeta(3) C_M2/pi](log B)^5/B^2.
SR-STR-144	Shared-edge double-Pythagorean normal form for the exactly-two-face host	two Pythagorean faces sharing one leg Euler cuboid; double Pythagorean shared edge exactly two faces	Every Stage18 object has a unique shared edge s for its two successful faces and can be written s^2+x^2=p^2, s^2+y^2=q^2 with x^2+y^2 nonsquare. The two face conditions are coupled through s and are not independent random-square tests.
SR-STR-145	Paired Gaussian-norm squareclass parity sieve for Stage19 zero density	Gaussian norm squareclass parity sieve split primes; valuation parity squareclass coincidence Euler cuboid	On the shared-edge toric chart A=N(mr+i ns), B=N(ms+i nr), R integral iff sf(A)=sf(B). For good split p=1 mod 4 the same-measure parity acceptance is rho_p=(p^4+4p^3+22p^2+4p+1)/((p+1)^2(p^2+6p+1)) with 1-rho_p=4/p+O(p^-2); the finite-prime product tends to zero and proves N2/M2->0. This local sieve is not the source of the separate half-power global upper bound.
SR-STR-146	Current certified Euler-cuboid global envelope with unresolved true exponent	Euler cuboid current global upper lower exponent; primitive Euler brick B one third epsilon lower log power upper	For the primitive canonical Euler population under R<=B, the current project-wide bounds are: for every epsilon>0, M3(B)>>_epsilon B^(1/3-epsilon), and for every fixed eta<1/46, M3(B)<<_eta B(log B)^(5-eta). The lower is the generalized two-parameter Saunderson theorem promoted by Stage26; the upper is the explicit thin-cover bound inherited by the Stage20 closeout. No epsilon-free one-third lower, asymptotic, or true exponent is identified.
SR-STR-147	Euler third-face local blocker law and sieve-dimension-two rarity mechanism	Euler brick local obstruction density 2 over p; third face completion local blocker sieve	For third-face completion on the two-face host, delta_2=2/9 and for odd p, delta_p=2(p-chi_4(p))/(p^2+6p+1)=2/p+O(p^-2). Every Euler brick avoids all blockers; fixed finite prime sets have product survival and give a local zero-density mechanism, but the sieve does not determine the true global M3 exponent.
SR-STR-148	One-face conditioning logarithmically enhances space-diagonal survival over the ambient space baseline	one-face conditioning space diagonal logarithmic enhancement; conditional versus ambient space-diagonal survival log squared	Stage21 proves N1/M1~(kappa*pi/18)(log B)^2/B while N_S^all/U~[9 zeta(3)/(8 pi G)]/B, hence (N1/M1)/(N_S^all/U)~[4 kappa pi^2 G/(81 zeta(3))](log B)^2 -> infinity. The intrinsic polynomial space cost remains B^-1; the enhancement is localized to the shared-P multiplicative principal bulk, with fine pole/local-factor allocation unresolved. The hostile-audited geometric ledger gives M1:(a,b)=(2,2) on the F_2 resolution and N1:(a,b)=(1,4) on the Q(i)-twisted 4A1 quartic-del-Pezzo resolution, so the
SR-STR-149	Geometric b-invariant explanation of the Stage22 log-four second-face enhancement	Stage22 b-invariant log four jump; Picard rank log exponent M1 N1 M2 2 4 6	Under the matched height invariant, M1 has (a,b)=(2,2), N1 has (1,4), and M2 has (1,6). Thus the Stage22 logarithmic exponent jump is b(M2)-b(M1)=6-2=4, with decomposition (6-2)=(4-2)+(6-4)=2+2 through the Stage21 target. This is a geometric invariant decomposition, not four independent probabilities or Dirichlet poles. Directionally, M2,j/M1~(4*pi^2*C_j/3)(log B)^4/B for j=a,b,c and the raw-pair third-face nonsquare postfilter satisfies M2,j/P_j->1; this proves robustness of the log-four scale 
SR-STR-150	Global mod-8 exclusion of the consecutive-parameter AR-039 Stage19 slice	AR-039 consecutive parameter mod 8 obstruction; genus one quartic s4 6s2 25 integer square obstruction	The selected Stage17-originating slice requires w^2=(t^2+1)(t^2+2t+2). With s=2t+1 and W=4w this is the genus-one quartic W^2=s^4+6s^2+25. For every integer t the product is 2 mod 8, while squares mod 8 are 0,1,4; therefore this entire integral parameter slice has zero Stage19 hits.
SR-STR-151	Exact-height Kummer-to-Jacobi receiver with moving-transverse-family dispersion gate	Kummer Jacobi moving family dispersion physical height d; transverse Jacobi square lift incidence Stage19	The Stage23 Q06 source chain identifies physical height exactly as H_M=d on the two-face Kummer surface, gives bounded oriented-object multiplicity, and sharpens the fixed-squareclass (4,4) receiver Z^2=kappa P_U(x,y) to the Jacobi square lift y^2=(t^2+s)(1+s t^2). A single fixed physical rational curve has height exponent at most 1/2, but no uniform count for the moving transverse Jacobi/Kummer family is proved, so the global half-power Stage19 ceiling is not improved.
SR-STR-152	Already-space pair-overlap thinning for the second-face transition	pair overlap thinning inside integral space Pythagorean chain; second face cross leg compatibility zero density	On the Stage17 source host, x^2+y^2=p^2 and p^2+z^2=d^2 are already imposed. Entering Stage19 requires x^2+z^2=q^2 or y^2+z^2=q^2. The same-host pair-overlap theorem gives N2(B)<=P(B)=o(B(log B)^3), hence N2(B)/N1(B)->0 without charging the space condition again.
SR-STR-153	Odd-odd Stage15-2 family mod-16 space-lift annihilation	Stage15-2 odd odd family mod 16 obstruction; 17 p4 q4 space diagonal square obstruction	For the historical Stage15-2 explicit exactly-two ambient family with coprime odd p,q, the space condition is R^2=17(p^4+q^4). Since p^4=q^4=1 mod 16, the right side is 2 mod 16, impossible for an integer square; the entire odd-odd specialization has zero Stage19 survivors.
SR-STR-154	Exact matched M2-to-N2 finite census through one million	matched M2 N2 exact finite census one million; two-face space survivor finite oracle	Under the identical primitive canonical R<=B Stage24 contract, exact matched counts are tabulated through B=1,000,000; at the endpoint M2=13,817,725 and N2=255, with directional target counts (98,101,56). The later-window effective slopes are diagnostic only and are explicitly not promoted to an asymptotic exponent.
SR-STR-155	Fixed rational-curve sub-square-root ceiling and moving-family gate	Kummer fixed rational curve degree four void B two fifths; moving genus one family uniform summation gate	With exact physical Kummer height H_M=d=R, the M.C=4 physical rational-bisection mechanism is empty. Hence every fixed physical rational curve has M.C>=5 and contributes O(B^(2/5+o(1))); every fixed finite union is strict sub-square-root. No uniform implied constant or o(1) is proved across a B-dependent moving family, leaving the moving Jacobi/Kummer first-small-point gate unresolved.
SR-STR-156	Yoshida face-cuboid generic-rank-zero and explicit-orbit height-sparsity gate	Yoshida face cuboid elliptic surface generic rank zero; Pythagorean Frey family Mordell-Weil rank zero; positive rank specialization height sparsity	For E_{1,s}: y^2=x(x-(2s)^2)(x+(s^2-1)^2), with (a,b,c)=(2s,s^2-1,s^2+1), the geometric generic Mordell-Weil rank is 0. Yoshida's displayed fixed-fiber orbit at s=5/3 has h(t_n)=Theta(n^2), hence contributes only O(sqrt(log B)) indices below physical height B; the displayed positive-rank s-sequence likewise has O(sqrt(log X)) parameters of height <=X.
SR-STR-157	Complete rational degree-two base-change descent with split/nonsplit commuting-lift loci	degree two rational function deck involution PGL2 split nonsplit; quadratic base change involution squareclass; commuting involution elliptic quotient genus three	For target-fixed degree-two phi in Q(u), the unique deck involution is Q-rational. Up to source PGL2(Q), split maps are (A u^2+B)/(C u^2+D); nonsplit squareclass d maps are (A(u^2+d)+Bu)/(C(u^2+d)+Du). In the split stratum the reciprocal commuting-lift locus factors (AB-CD)(AB+CD)(AD+BC)=0. In the nonsplit stratum genuine commuting Q-lifts occur on BD=4dAC and D^2-B^2+4d(A^2-C^2)=0; the third candidate B^2+D^2=4d(A^2+C^2) has lift discriminant -Delta^2 and no nondegenerate Q-involutive lift.
SR-STR-158	Explicit nonsplit degree-two R504 rank-jump construction	elliptic surface rank jump quadratic base change; genus three two elliptic quotients E0; nonsplit base change Mordell-Weil rank jump	For phi(u)=(u^2+4u-3)/(7-u^2), with nonsplit squareclass -6 and deck delta=-(u+7)/(u+1), the second involution epsilon=(5-u)/(u+1) gives quotient V^2=2(x^4+8x^3-64x-64) with I=3072,J=0 and Jacobian Q-isomorphic to E0:y^2=x^3-4x. The inherited and new E0 quotient differential lines are independent, so rank E_phi(Q(u))>=2.
SR-STR-159	R505 common-squarefree-core Stage19 receiver with R506 rank-one coordinate subsumption	common squarefree core Stage19 receiver; moving squarefree core Euler cuboid counting	For A=m^2 r^2+n^2 s^2 and B=m^2 s^2+n^2 r^2, Stage19 space integrality is exactly AB square, equivalently sf(A)=sf(B), equivalently A=kP^2 and B=kQ^2 for one positive squarefree k. The common-leg coordinates u=mr,v=ns,w=ms,z=nr satisfy uv=wz and A=u^2+v^2, B=w^2+z^2, so R506 is the same rank-one toric receiver rather than an independent parameter dimension. Fixed finite core/cell elliptic slices alone do not supply a polynomial lower; the remaining R505 progress gate is a genuinely stronger whol
SR-STR-160	All-shared-edge directional quarter-power Stage19 lower	directional quarter power exactly two face cuboids; shared edge Stage19 quarter power lower	For each canonical shared edge j in {a,b,c}, N2,j(B) >>_j B^(1/4). R501 on 9/2<t<5 supplies canonical shared edge a, the audited R501 cone supplies b, and R502 supplies c. Hence N2,j/M2,j >>_j B^(-3/4)(log B)^(-5) and the matched Stage24 interaction J2,j >>_j B^(1/4)(log B)^(-5) -> infinity in every direction; also N2,j/N1 has the adjacent-stratum corridor B^(-3/4)(log B)^(-3) <<_j N2,j/N1 <<_epsilon B^(-1/2+epsilon)(log B)^(-3).
SR-STR-161	Separated quadratic-Jacobi large-sieve and hyperbolic-boundary firewall	quadratic large sieve Jacobi bilinear separated coefficients; Wilson hyperbolic Jacobi neutraliser large sieve	After genuine one-variable coefficient separation, quadratic-character blocks sum by Heath-Brown/Liu and Wilson-type rectangular/hyperbolic estimates; the one-small-variable switched boundary may use Wilson neutraliser technology. No such theorem licenses an arbitrary correlated matrix W(u,v): separation or an L2/covariance reduction must be proved first.
SR-STR-162	Moving first-small-point height pipeline via large prime plus complete 2-descent	least non-torsion canonical height moving elliptic family large prime 2-descent; Le Boudec congruent number height transfer Pythagorean	For E_F: W^2=Z(Z-S^2)(Z+X^2) on primitive Pythagorean fibers, the odd conductor is rad((SXH)_odd) while the displayed discriminant is fourth-powerful. Petsche/Naccarato are fixed-fiber tools only; the family-level transfer target is Le-Boudec-style: isolate a large prime in m,n,m-n,m+n, or m^2+n^2, force it through the exact full-2-descent cover, impose the physical logarithmic height window, and count exceptional configurations. Stage14-t23--t29 supplies a historical active-direction realizatio
SR-STR-163	Branch-sensitive generalized-Jacobian/Prym and rational-2-torsion descent interface	generalized Jacobian Prym explicit descent branched double cover; rational 2-torsion higher descent dual isogeny homogeneous space	Branched squareclass conditions should first be encoded by the correct generalized-Jacobian/Prym or explicit 2-isogeny/higher-descent cover. Creutz/Bruin-Poonen-Stoll-type descent supplies the branch-sensitive Kummer interface; Fisher-style rational-2-torsion descent supplies explicit dual homogeneous spaces. These are structural reductions, not moving-family power-saving theorems. In the Stage14 triple gate, the remaining x-square lift is a ramified quadratic cover of the x-level elliptic fiber
SR-STR-164	Square/polynomial-sieve collision-cover transfer	square sieve polynomial sieve squareclass collision energy; Bonolis Pierce polynomial sieve nonseparable cover	Squareclass equality [K(theta)]=[K(theta_prime)] is equivalent to a square-lift equation Y^2=K(theta)K(theta_prime). After removing diagonal/symmetry/square components and auditing irreducibility, nonsquareness, singular loci and height conversion, Heath-Brown/Browning square-polynomial sieves or Bonolis-Pierce nonseparable polynomial sieve become the primary collision-energy weapons. Stage14-t20--t44 provides an exact raw-edge squareclass collision chain: coprime difference-of-squares factors e
SR-STR-165	Gaussian quadratic-Hecke large-sieve transfer with ray-class correction	quadratic large sieve number fields Q(i) Gaussian Hecke characters; Onodera Gaussian Jacobi symbol large sieve	For E=m^2+n^2=(m+in)(m-in), split-prime root choices are Gaussian prime-ideal choices. If a Stage14 state tensor becomes a finite sum of one-ideal-at-a-time quadratic Hecke symbols chi_a(b), Goldmakher-Louvel/Onodera Q(i) large-sieve technology applies after fixed unit/ray-class corrections and coprimality cleanup. Stage14-t30--t51 records the Gaussian analytic boundary in detail. Auxiliary good-prime quartic characters have complete Weil cancellation, their value symbols transfer to Q(i) Hecke 
SR-STR-166	Dual-root-line eliminant determinant/Kloosterman transfer dichotomy	Reuss bilinear trilinear hypersurface determinant count; bilinear Kloosterman fractions reciprocal completion	For a charged-once common core carrying one Gaussian root line and one endpoint root line, derive the exact reciprocal-completion eliminant first. If it is irreducible bilinear/trilinear with a new determinant or hyperdeterminant factor, use Reuss-type lattice counts; if an exact zero-loss transform yields an inverse-fraction bilinear kernel, use Dong-Robles-Zeindler/Bettin-Chandee Kloosterman-fraction bounds. Batch19 t80-t83 realizes the inverse-fraction branch by projective Gauss dualization, 
SR-STR-167	Pythagorean multiplicative structured-versus-uniform correlation gate	Pythagorean multiplicative functions structured uniform Gowers; pretentious Pythagorean recurrence correlation	Near-maximal Pythagorean pair/triple correlations may be split into aperiodic Gowers-uniform and pretentious structured components only if the physical selectors admit a B^o(1)-complexity multiplicative/Hecke-multiplicative phase decomposition. Azevedo-Moreira plus Frantzikinakis-Host supplies the architecture; pretentious Pythagorean recurrence is a firewall showing that structure alone is not a saving.
SR-STR-168	Weighted Gaussian norm-ratio collision transfer gate	multiplicative pair correlations sums of two squares Gaussian norms; Gaussian sparse modulus large sieve collision energy	Repeated mover candidates lead to weighted Gaussian norm collisions x2*N(z1)=x1*N(z2). Parkkonen-Paulin multiplicative pair-correlation of quadratic norm values is the closest structural theorem; Baier-Bansal sparse Gaussian-modulus large sieve becomes quantitative only if a genuinely polynomial-length modulus/sample family is exposed.
SR-STR-169	Correlation-only canonical-divisor/projective-mover transfer suite	multivariable arithmetic functions polynomial arguments divisor allocation; projective Kloosterman mover diffuse modulus dispersion	Once marginal-density mechanisms are exhausted, three external architectures remain conditional on exact adapters: multivariable arithmetic-function means on (a,b,a^2+b^2) for charged canonical allocation; Kloosterman-fraction transforms for fixed-C projective determinant movers; and partially-fixed/diffuse-modulus dispersion with a verified convolution plus Siegel-Walfisz input. Stage14-t48--t59 specializes the correlation-only route to the fixed-U physical selector: the live object is a physic
SR-STR-170	Reciprocal squareclass divisor-window transfer gate	Ford divisor in an interval squareclass restriction reciprocal window; rough integers divisor interval physical subfamily	The heavy global/s receiver becomes an existential divisor-window condition on a normalized radial integer with an admissible squareclass divisor L=J*a^2 and a reciprocal partner window. Ford divisor-in-an-interval theory is the nearest geometry, but transfer requires uniform window reduction, only B^o(1) distortion from the squareclass restriction, and domination of the charged physical n-measure.
SR-STR-171	Localized unitary-divisor shadow gate	localized unitary divisor short interval support; unitary to ordinary divisor transfer Ford Drappeau Mounier	The bare shadow is A_bare(m)=1 iff there exists a unitary divisor u||m in a transported short multiplicative interval. Ford/Drappeau-Mounier ordinary localized-divisor results become usable only after a unitary-to-ordinary bounded-distortion adapter and a window-width compatibility check; the conditional canonical/reverse completion mechanism is not part of this shadow theorem.
SR-STR-172	Rectangular arithmetic-progression product set has full fixed-power exponent	product sets arithmetic progressions Xu Zhou multiplication table; rectangular integer interval product set multiplicative energy	For nonempty fixed-E interval rectangles D,V, Xu-Zhou asymmetric arithmetic-progression product-set bounds give |D*V| >= |D||V|/(log max(|D|,|V|))^O(1) when both sides are polynomial; if one side is B^o(1), an injective slice gives the same exponent conclusion. Thus |D*V|=B^(kappa_D+kappa_V+o(1)) and ambient multiplication collisions provide no fixed B-power saving.
SR-STR-173	Conditioned divisor-support hierarchy from reciprocal CRT through second reverse	divisor AP moment to existential support conditioned witness; filtered tau3 second reverse divisor correlation	For nonnegative witness counts, support requires same-measure control rather than an unconditioned divisor average. The q17-q20 hierarchy runs: exact reciprocal-CRT witness N_rec with first/second moments implying support by Cauchy-Schwarz; filtered ternary-product first layer g*x*y=c_C*z; conditioned second-reverse extension through cp,dq and reciprocal factor pairs; and the stable joint divisor-extension moment J_rev2=sum_lambda sum_{f|W1(lambda)} R_rev2(lambda;f). Charged scalar and (E,m) pai
SR-STR-174	Q17-good packet / filtered-tau3 pushforward intersection gate	pushforward intersection lower coverage divisor AP good packet; conditioned indicator correlation support	After prior kernels are normalized, the residual support is H=G intersect pi(Lambda), where G is the q17-good reciprocal-CRT packet and pi(Lambda) is the deterministic pushforward of charged filtered-tau3 witnesses. A direct theorem must control #Lambda_H=sum_{lambda in Lambda}1_G(pi(lambda)) on every principal cell with both filters and the scalar or (E,m) measure intact; generic AP equidistribution of a larger ambient sequence is insufficient without an indicator-correlation adapter.
SR-STR-175	Integral full-2-descent witness as a smooth intersection of two quadrics	intersection of two quadrics full 2 descent genus one; elliptic integral witness squarefree kernels	For E_{S,X}: W^2=Z(Z-S^2)(Z+X^2), write Z=A/D^2 and Y^2=G0G1G2 with G0=A, G1=A-S^2D^2, G2=A+X^2D^2. Factoring Gi=di ui^2 gives two quadrics Q1=d0u0^2-d1u1^2-S^2D^2 and Q2=d2u2^2-d0u0^2-X^2D^2. For a nonzero fixed packet their pencil has determinant proportional to lambda*mu*(lambda-mu)*(lambda*S^2+mu*X^2), so the four singular members are distinct and the projective intersection is a smooth degree-4 genus-one curve.
SR-STR-176	Compact rational-2-torsion translation and canonical physical denominator	elliptic rational 2 torsion translation denominator cancellation; physical Kummer compact component	Translation by T0=(0,0) sends Z to -S^2X^2/Z. For a physical point this lies in (-X^2,0), and in the two-face chart D_T^2=X2^2/gcd(X2^2,U V), dividing H2-S2. The compact class lies in four sign/orientation packets. D_T is physical-point dependent and differs from generic D and least-packet D_min.
SR-STR-177	Dual half-angle selector cancellation with four-cell gcd matrix	half angle gcd matrix denominator cancellation; four cell automatic square factor	For H2±S2=kappa(s^2,t^2), the two compact selectors have exact square cancellations gcd(N_-,H2-S2)=kappa k_-^2 and gcd(N_+,H2+S2)=kappa k_+^2. The four pairwise-coprime good-odd cells q_{--},q_{-+},q_{+-},q_{++} form the selector gcd matrix, and the product identity yields QK=X2/kappa. The complete matrix square is automatic.
SR-STR-178	Euclid five-column squarefree-kernel routing and local Hilbert adapter	Euclid five columns Hilbert symbol Q2; squarefree kernel local descent	For primitive opposite-parity m>n, support refines to m,n,m-n,m+n,m^2+n^2 with orientation-aware routing to S,X,H. The Q2 pairing uses epsilon(u)=(u-1)/2 and omega(u)=(u^2-1)/8 mod 2, but the generic Hilbert table alone does not classify the covering image.
SR-STR-179	Full-radical squarefree CRT projective-line incidence cover	quadratic congruence squarefree modulus projective lines; CRT square roots lattice index	For odd squarefree q and unit A,B, A x^2=B y^2 mod q is empty if a local ratio is nonsquare; otherwise it is covered by 2^omega(q) CRT projective lines x=r y mod q, each a rank-two lattice of index q. The full odd radicals R_S,R_X,R_H are exact witness congruence moduli even when selected kernels are proper divisors.
SR-STR-180	Moving diagonal-pair genus-one quartic with smaller-diagonal enumeration	moving quartic genus one reduced slope; uniform rational point count binary quartic	Fixing a core and one diagonal pair puts the opposite reduced slope t on a smooth even quartic W^2=F0((b0d0)^2-(a0c0)^2t^4), with an injective primitive-diagonal-to-slope map. Smaller-diagonal enumeration plus a separate B^o(1) bounded-height multiplicity theorem gives the good-cell bound; genus one alone does not.
SR-STR-181	Primitive physical two-face gluing and compact conjugate-gap chart	shared leg Pythagorean triples gluing identity; compact elliptic conjugate numerator	For oriented primitive Pythagorean faces with S1=g*alpha and S2=g*beta, minimal shared-edge gluing is e=g*alpha*beta=lcm(S1,S2), x=beta*X1, y=alpha*X2; a common scale t equals gcd(e,x,y), so primitivity forces t=1. With t1=X1/S1, t2=X2/S2 and L=lcm(S1,S2), (e,x,y)=L(1,t1,t2) and the ambient real height is D_R=L*sqrt(1+t1^2+t2^2), without any rational or integral space-diagonal condition. On the physical space-diagonal branch, G^2=H^2*S2^2+S^2*X2^2=S^2*H2^2+X^2*S2^2 gives an induced integral trip
SR-STR-182	Radical-poor hypotenuse support sparsity and polynomial witness box	radical poor Pythagorean hypotenuse; canonical height denominator polynomial box	In the recorded Stage14 receiver, hypotenuse support radical at most B^rho gives a B^(rho+epsilon)-sparse supported base/class family. Separately, a logarithmic canonical-height witness has denominators and integral factors in a fixed polynomial box, so finite-dimensional dyadic subdivision costs B^epsilon. Neither statement alone counts rational points.
SR-STR-183	Exact eight-state Q2 Kummer covering image	Q2 Kummer image eight squareclass states; 2 descent valuation cylinder classification	For the normalized local triple [q],[q-1],[q+t^2] with v2(t)>=2, exactly eight of the 64 product-square states occur: (1,1,1),(3,7,5),(5,1,5),(7,7,1),(2,1,2),(6,7,10),(10,1,10),(14,7,2), using representatives 1,3,5,7,2,6,10,14 in Q2*/Q2*^2.
SR-STR-184	Injective primitive third-face transfer from a physical two-face edge	primitive third Pythagorean face transfer injective; shared edge cross gcd square condition	Given physical F1=(S,X,H), F2=(S2,X2,H2), g=gcd(S,S2), G=gd and c=gcd(H,X2), the primitive reduction F3=(HS2/(gc), SX2/(gc), d/c) is Pythagorean and H3<=d. The physical edge is recoverable from (F2,F3), so the map is injective. Every image satisfies (S3X2)^2-(X3S2)^2 being a nonzero square, only a necessary condition.
SR-STR-185	Pairwise gcd support of integral witness factors	pairwise gcd elliptic integral witness factors; squarefree kernel Pythagorean edge support	For G0=A, G1=A-S^2D^2, G2=A+X^2D^2 with gcd(A,D)=1, every prime dividing D is coprime to all Gi and gcd(G0,G1)|S^2, gcd(G0,G2)|X^2, gcd(G1,G2)|H^2. Thus odd overlap supports 01,02,12 lie on the disjoint primitive Pythagorean edges S,X,H.
SR-STR-186	Balanced inert-prime quartic square-sieve dispatch	inert prime square sieve quartic kernel; balanced character cancellation square parts	For the fixed quartic F(P,Q)=PQ(Q-P)(Q+P), inert primes p=3 mod 4 have exact complete trace cancellation. On a product-square packet with square-part box volume M=XYZW and H=min(X,Y,Z,W), the proved square-sieve inequality is optimized at auxiliary prime scale L=H^(4/5), giving N_packet << M H^(-4/5) B^o(1). Thin packets switch to the exact shared-squareclass four-cell decomposition rather than being discarded.
SR-STR-187	Same-measure fixed-prime ordered-limit squareclass sieve	fixed prime ordered limit sieve zero density; same measure local acceptance product	For Q(B) subset P(B) with identical physical measure and, for each fixed finite good-prime set S, a CRT-refined asymptotic plus necessary local acceptance rho_p, limsup Q(B)/P(B)<=prod_{p in S}rho_p. Only after B->infinity may S expand; if the ordered products tend to zero, Q(B)/P(B)->0. This proves qualitative zero density, not a fixed-power saving.
SR-STR-188	Uniform adjacent two-cell O(p) transform via Newton-polyhedron and stationary phase	Lei Fu Newton polyhedron twisted exponential sums; Katz Laumon stationary phase Kummer surface	For the adjacent two-cell mixed transform, the four-Kummer Gauss lift has Phi=hR+kS+U(1-RS)+V(1+RS)+W(S-R)+Z(S+R). Lei Fu Newton-polyhedron nondegeneracy yields uniform torus O(p) off h=±k, with exceptional lines treated exactly. Independently, Katz-Laumon stationary phase for H=(1-RS)(1+RS)(S-R)(S+R) gives uniform |T_p(h,k)|<<p after generic, diagonal and axis splitting. The archived mainline proof also records the adjacent two-cell square-sieve consequence N_2cell(R,S) << (R S)^(2/3) B^o(1) on
SR-STR-189	Radical-rich incidence / small-denominator trichotomy	radical rich incidence small denominator dichotomy; Pythagorean hypotenuse radical witness	For R_H=rad_odd(H), U*=max(|u1|,|u2|), thresholds rho,nu: R_H>=B^rho and U*>=B^nu gives full-radical rectangle gain B^(-min(rho,nu)+epsilon), while R_H>=B^rho and U*<B^nu forces D<2B^nu. Together with radical-poor sparsity, every witness is radical-poor, long-coordinate incidence, or small-D.
SR-STR-190	Exact diagonal-subtracted centered collision/dispersion interface	centered dispersion exact diagonal subtraction squareclass; two prime collision energy signed coefficients	For physical labels z and c_z(p)=1_good chi_p(F~(z)), define G_xi(p,q)=sum_z a_z c_z(p)c_z(q), D_xi=sum_z |a_z|^2 c_z(p)^2c_z(q)^2, and R_cent=sum_{p,q}(|G_xi|^2-D_xi)=sum_{z!=z'} a_z conjugate(a_z') |sum_p c_z(p)c_z'(p)|^2. The identity is signed; residue diagonal, principal squareclass coherence, and nonprincipal selector dispersion remain distinct. Batch19 tH10/tH14 supplies the corresponding squareclass autocorrelation and selector-sensitive two-auxiliary diagonal/off-diagonal bookkeeping wi
SR-STR-191	Non-independent weighted local-Sha-height retainer chain	weighted Selmer Sha rank small point retainer; non-independent error propagation elliptic family	On one nonnegative weighted family A_Q>=S_Q>=R_Q>=H_Q,C, the exact local, global/Sha and first-small-point retainers combine without independence: H_Q,C <= rho_ht*rho_glob*rho_loc*A_Q + rho_ht*rho_glob*E_loc + rho_ht*E_glob + E_ht. The middle complement is the Sha trap R_Q=S_Q-T_Q and the final complement is H_Q,C=R_Q-U_Q,C.
SR-STR-192	K4 reciprocity 2-core peeling and three-regime graph escape	K4 reciprocity graph 2-core quadratic character; Jacobi product conductor graph peeling	The six reciprocal Jacobi edges on m,n,m-n,m+n form K4. Leaf peeling closes every empty 2-core monomial (38 of 64 edge subsets); the remaining 26 have cores C3 (16), C4 (3), diamond (6), or K4 (1). A three-regime escape with eta=1/100 closes every nonempty core, with conservative regular-box saving M^(-1/200+epsilon).
SR-STR-193	E-column Walsh collapse and root-sawtooth spacing closure	Walsh divisor expansion norm column Jacobi; root sawtooth spacing positive definite binary quadratic form	For e=ker_odd(m^2+n^2), the full odd norm-column indicator collapses exactly to I_E(d1;e)=2^(-omega(e))*sum_{v|e}(d1/v). After the other reciprocal edges are contracted, the final signed-root linear-E sawtooth kernel is controlled by positive-definite forms X^2+Y^2, 2X^2+/-2XY+Y^2; divisor spacing yields E_rec(M)<<M^(2-1/200+epsilon).
SR-STR-194	Shared-squareclass four-cell thin-packet switch	shared squareclass four gcd cells square sieve; thin packet common squarefree label quartic	For squarefree coprime pairs ab=cd=xi, set alpha=gcd(a,c), beta=gcd(a,d), gamma=gcd(b,c), delta=gcd(b,d). Then a=alpha beta, b=gamma delta, c=alpha gamma, d=beta delta with four pairwise-coprime cells and xi=alpha beta gamma delta. Holding three cells fixed turns the same-kernel condition into a genuine nonsquare quartic in the fourth cell; a one-variable square sieve closes the hard thin packet without dropping the shared xi label.
SR-STR-195	Squarefree j=1728 twist compression of the joint physical squareclasses	j 1728 squarefree quartic twist physical squareclass; binary quartic kernel elliptic twist non torsion pair	For reduced 0<P<Q define xi=ker(PQ), k=ker(Q^2-P^2), with gcd(xi,k)=1. Two physical reduced coordinates share (k,xi), hence lie on k y^2=1-xi^2 z^4 with squarefree n=k xi=ker(PQ(Q-P)(Q+P)); its Jacobian is E_n:Y^2=X^3+4n^2X. The two physical points have non-torsion difference, so the receiver is a moving squarefree j=1728 twist rather than a torsion-pair artifact.
SR-STR-196	Quantifier-safe shared-label min envelope and transverse difference-kernel localization	shared squareclass shell min envelope; transverse difference kernel dyadic localization	For reduced P/Q write P=a x^2, Q=b y^2 and xi=ab=ker(PQ). Dyadic shell/support bounds and adjacent-two-cell square-sieve bounds are alternative complete counts of the same charged-once block and must be combined by min, not multiplied. The four-cell xi algebra can saturate the critical xi shell, so the transverse label k=ker(Q^2-P^2), with gcd(k,xi)=1, supplies the next independent localization variable and its own shell support bound.
SR-STR-197	Four-root rank-one difference-kernel lattice and dual-switch residue lock	difference kernel rank one congruence lattice; dual switch primewise quadratic residue lock	With Q-P=g k_- r^2 and Q+P=g k_+ s^2, primitive reduced roots give a rank-one congruence lattice k_+ == lambda k_- (mod x^2 y^2). At the critical same-(xi,k) off-diagonal endpoint, positive-power parts must switch in both the xi and k four-cell allocations. Every odd switching prime is 1 mod 4 and obeys the exact primewise residue lock (k/p)=+1 on xi-switch support and (xi/p)=+1 on k-switch support.
SR-STR-198	Balanced Gaussian square-divisor common-core compression with CRT line rigidity	Gaussian square divisor common core residual compression; CRT dual saturation Plucker rank one rigidity	Balanced xi/k switch cells beta,gamma,S,T lift from c^2|A^2+B^2 to exact Gaussian square divisors lambda_c^2|Z_c. The four residual norms collapse pairwise to q_beta=q_gamma=C u and q_S=q_T=C v with u v<=B^(1/4+o(1)). Fixed eight cells plus (C,u,v) have B^o(1) physical lifts. The primitive z direction lies in the full k CRT lattice and has dual order k^2, while the xi short span is forced to rank one by Plucker-minor modulus-versus-height rigidity, giving a unique physical root vector in a fixed
SR-STR-199	Split-quartic agreement allocation and reciprocal Edwards-Cayley reduction	split quartic equal value prime allocation; reciprocal Edwards Cayley singular smooth reduction	After eliminating switch products, the balanced cell fiber reduces to four agreement cells satisfying a scaled equal-value equation for F(a,b)=a b (b-a)(b+a). Off the physically impossible proportional branch, good primes admit a 4x4 allocation across the four split factors and reciprocal fourth-difference sign allocations. The quadratic cyclotomic branches are physically empty. Primitive allocation ratios yield the exact (2,2) form (u^2-1)(v^2-1)=lambda u v, singular only at lambda in {0,+/-4};
SR-STR-200	Primitive common-core Gaussian root-line spacing and dual Cayley orientation compression	primitive Gaussian root line determinant spacing common core; dual Cayley common core orientation split	After peeling only fixed bad coefficient support, a common core C0 dividing a normalized sum of two squares imposes U == rho V (mod C0), rho^2=-1, with only B^o(1) CRT root lines. Distinct primitive points on one line have nonzero determinant divisible by C0, giving the charged-once spacing bound 1+O(UV/C0). The second common-core occurrence yields a Cayley divisor lock and a coprime split into same/opposite Gaussian relative orientations. Alternative complete counts of the same packet are combi
SR-STR-201	Residual-host Gaussian-core lift and joint-core row-column reconstruction	residual Gaussian common core canonical divisor; joint core row column CRT reconstruction lost core	For the residual xi Gaussian host W=g Pi_C T, the good common-core part has a canonical oriented Gaussian divisor Pi_C while the excess coordinate-gcd square is absorbed by the small residual norm. Intersecting Cayley and residual good cores gives one joint modulus J with a 2x2 row/column sign partition. Column cofactors reconstruct endpoint roots and the Cayley numerator M; the row CRT reconstructs N=abcd. Prime-support feedback collapses the Cayley-only annulus, forces the entire lost core int
SR-STR-202	Root-gcd square transfer and globally odd-primitive square-root saturation	root gcd square transfer lost core square root saturation; globally odd primitive common core single column	Cross-root and same-side root gcd cells inject square divisors into both the endpoint column and Cayley row. After the lost-core peel, K^2*(H^2/D0) divides the reduced column product. Reversing the quantifier order and choosing the cross-root gcd H before D0 makes D0|H^2 divisor-many and yields a complete stratum count 1/2-kappa-s. Thus every fixed-power cross-root or same-side root-gcd stratum is strictly sub-square-root; any square-root saturation sequence has H=K=B^o(1), C/J=C_Cayley/J=B^o(1)
SR-STR-203	Mixed fourth-root cross-coprimality and six-block norm-packet reconstruction	mixed fourth root cross coprimality six norm blocks; pairwise separated Gaussian norm packet physical reconstruction	On the square-root saturation packet, full-residual plus/minus cross gcds are only B^o(1), so the mixed fourth-root congruence is an alternative charged-once root coordinate rather than an independent saving. After the s7-47 refinement the physical data split into six fixed-power-separated atomic norm blocks; fixing the six-block packet reconstructs the balanced physical square pair with B^o(1) multiplicity, leaving only a genuine density/correlation problem.
SR-STR-204	Primitive product-norm centering and same-root Ramanujan full-conductor synchronization	same root Ramanujan conductor Gaussian primitive pair; full conductor endpoint physical principal density	The six-block packet admits a rotated primitive quarter-scale pair with exact product and norm identities. Centering isolates the physical principal density. The third Pythagorean projection uses the same Gaussian root label, and Ramanujan conductor stratification is the same arithmetic event as the X15 root line, so no second 1/d spacing factor is legal. Fixed-power conductor loss is saving; square-root saturation is forced to the full-conductor endpoint, where the absolute nonzero Ramanujan co
SR-STR-205	Principal-density covariance localization and zero-mode conditional-uplift reduction	physical principal density covariance zero mode conditional uplift; pairwise correlation coefficient square root saturation	After full-conductor localization, square-root saturation is pushed into near-maximal physical cell occupancy. Interior variance and pairwise-correlation coefficients isolate the obstruction: any fixed-power pairwise deficit is already strict sub-square-root, while the surviving zero-mode term is an exact conditional-mean contrast/positive uplift. Successive reductions preserve the full masks and show that disjoint-prime allocation or Bernoulli near-determinism heuristics are not automatic savin
SR-STR-206	Single-prime two-square influence and primitive projective-slope transport chain	single prime two square influence primitive divisor pair; projective slope mask transport Gaussian norm ratio	The nonmultiplicative physical selector is reduced from orientation influence to a single arithmetic mask, then to one split-prime action on two square/norm conditions. After freezing the state, only B^o(1) mover-prime candidates remain; fixed prime plus state is reconstructed with O(1) fiber from a primitive divisor pair. Norm-ratio and Archimedean masks then transport to a primitive projective slope, with no independent polynomial scale left after primitive reduction. In t96-t99 the antipodal 
SR-STR-207	Nested primitive-slope acceptance and canonical two-factor density receiver	nested primitive slope acceptance canonical allocation density; canonical two factor reciprocal conditional density	Primitive-slope physical acceptance factors through nested events: full acceptance is contained in allocation acceptance, which is contained in the balanced host. The resulting three-level conditional-density chain is exact but superseded by a canonical two-factor receiver separating charged canonical allocation from reciprocal-completion density. These conditional factors describe the same physical packet and are not independent multiplicative savings.
SR-STR-208	Canonical three-divisor allocation and opposite-reciprocal Gaussian norm root selector	canonical three divisor incidence A B A2+B2; opposite reciprocal Gaussian norm divisibility root selector	After canonical allocation, the first reciprocal equation is a reconstruction tautology. The remaining selector freezes a B^o(1)-sized allocation type with minus divisors on A and B and a plus divisor on A^2+B^2; the opposite reciprocal becomes primitive Gaussian norm divisibility on the same pair. Minus and plus one-sided ledgers are each exponent-neutral and dependent, so the genuine receiver is their correlated integer/Gaussian divisor-root density, not a product of marginal savings.
SR-STR-209	Common-core centered root discrepancy and variable-modulus character/projective-collision dichotomy	centered root discrepancy variable modulus character energy; projective collision diffuse norm divisor graph common core	Stratifying the exact common core C0=B^(kappa+o(1)) separates a low-core allocation branch from a polynomial-core branch. The root indicator has an exact principal-plus-centered decomposition; polynomial-core saturation forces positive centered excess. That centered root discrepancy has an exact multiplicative-character expansion with an L2 coefficient identity, and large fixed-C discrepancy forces projective collision energy. The obstruction then splits into concentrated projective collisions o
SR-STR-210	Heavy primitive-ray versus genuine determinant-mover dichotomy with quotient-scale stratification	heavy primitive ray determinant mover quotient scale; projective collision determinant quotient C q	After the projective-collision reduction, diagonal collisions cannot support concentrated saturation. The surviving concentrated branch is either a heavy primitive ray or a genuine nonzero determinant mover, while the diffuse exact-modulus branch remains separate. For genuine movers write the nonzero determinant as C*q; super-determinant moduli are empty, near-maximal mover moduli have only a B^o(1) q-dictionary, and separated moduli retain a polynomial q-range.
SR-STR-211	Diffuse common-core Gaussian norm-factor correlation and bilinear theorem gate	Gaussian norm factor correlation common core; Gaussian integer bilinear divisor correlation	On the diffuse polynomial common-core branch, accepted primitive Gaussian norms satisfy N=X^2+Y^2=C*m with only B^o(1) divisor, primitive-representation and reverse-physical fibers. Splitting the complementary quotient m closes the subpolynomial branch directly; the polynomial branch factors in Z[i] and leaves a genuinely weighted Gaussian-factor bilinear correlation at the exact correlated core C. No independent second-modulus saving is available, so a strict deficit requires a mask-preserving 
SR-STR-212	Heavy primitive-ray radial squareclass capacity and agreement-overlap compression	heavy primitive ray radial squareclass incidence; agreement kernel overlap radial capacity	For a concentrated heavy primitive ray, fixed radial data have B^o(1) reverse physical fiber. The radial scale injects into a fixed-squarefree-kernel square-value problem; its squareclass reconstructs the xi-agreement product and forces a large agreement/kernel overlap G. Freezing G collapses the primitive agreement-pair freedom and bounds atomic radial multiplicity by B^(1/4-phi+o(1)), forcing any heavy survivor to occupy polynomially many normalized radial values rather than hide in endpoint o
SR-STR-213	Complementary-dilation bare unitary shadow versus conditional physical-completion deficit	unitary divisor shadow conditional completion deficit; complementary dilation divisor interval physical support	After primitive-ratio and complementary-dilation stratification, the weighted physical incidence can be outerized to a bare unitary-divisor shadow plus a conditional canonical reverse-completion Boolean. Fixed E splits into an endpoint one-dimensional completion branch or a two-sided unitary shadow; the unitary restriction is pointwise dominated by the corresponding ordinary divisor shadow at zero upper-bound cost. Thus survival is governed by a support-versus-completion-deficit budget, not by t
SR-STR-214	Rectangular product capacity exhaustion and reciprocal CRT completion pullback	rectangular product set divisor capacity reciprocal CRT; primitive pair completion Boolean CRT solvability	The fixed-E moving ordinary-divisor window straightens to a rectangular product set. Pair capacity is controlled by the rectangle size, multiplication has only divisor-many fibers, and the coprime/unitary restriction causes no fixed-power loss, so bare arithmetic capacity is exhausted. Pulling completion back to the primitive pair shows that the remaining Boolean is exactly reciprocal divisor/CRT solvability followed by the residual post-column mask; the total completion deficit splits into reci
SR-STR-215	Seeded/seedless K-free reciprocal divisor-allocation CRT first-moment gate	K-free divisor allocation two CRT first moment; quadratic divisor root first moment primitive rectangle	Explicit homogeneous reciprocal seeds show that reciprocal solvability can have full exponent. Away from that diagonal seed, witnesses normalize to a K-free moving divisor-allocation system retaining two exact CRT congruences. Bounded witness multiplicity makes support at B-power scale equivalent to a single first moment, exposing the theorem species UniformPrimitiveRectangleNestedKFreeQuadraticDivisorRootFirstMoment. The frozen H audit finds no direct off-the-shelf theorem or complete mask-pres
SR-STR-216	Explicit Peyre-Tamagawa constant for the primitive exactly-two two-face ambient height	Peyre Tamagawa constant four-corner toric blowup; two-face Pythagorean ambient Euler product constant	For Y=Bl_4(P^1 x P^1) with the physical anticanonical height D_R, the exactly-two chamber counts satisfy E_q(B) ~ Lambda_E M_q B(log B)^5 and E_2(B) ~ C_E B(log B)^5, where Lambda_E=(1/81920) prod_{p>=3}(1-1/p)^6(1+6/p+1/p^2), C_E=Lambda_E(M_a+M_b+M_c), alpha(Y)=1/2880, beta(Y)=1, and the physical bad-prime factor is tau_2=9/64. The third-face-square degree-two thin subset has zero leading density, so raw and exactly-two leading constants agree.
SR-STR-217	Collective fixed-degree stratum proliferation reverse-count budget	fixed degree rational strata collective proliferation reverse count; moving family count exponent budget B one half	If every fixed physical rational stratum of M-degree d contributes at most B^(2/d+o(1)) while a target active population V(B) has square-root scale B^(1/2), then any explanation by a growing degree-d family necessarily requires N_d(B) >= B^(1/2-2/d-o(1)). In particular d=8 requires B^(1/4-o(1)), d=12 requires B^(1/3-o(1)), and d=16 requires B^(3/8-o(1)). This is a necessary capacity budget, not an existence theorem for such strata or a proof of the square-root law.
SR-STR-218	Fixed-tuple projective all-short lattice refinement and cross-tuple energy quantifier firewall	projective all-short state tuple lattice index product modulus; cross-tuple Hilbert energy quantifier mismatch	After projective root data are fixed, a complete all-short local state tuple is a rank-two projective lattice whose index is the product state modulus, so its centered boundary discrepancy is O(M B^epsilon) on a regular Euclid box and the generic positive q-loss disappears. The Hilbert/Fourier l2 bounds are conditional on a fixed physical support cell and therefore cannot be summed as one globally normalized coefficient vector over all moving modulus tuples; cross-tuple cardinality must remain e
SR-STR-219	Fixed-direction j=1728 fiber compression versus active-direction sparsity barrier	fixed direction j1728 squareclass fiber active direction sparsity; first nonboundary point family specialization active directions	The s6 half-angle cross-square quartic is the fixed-direction j=1728 squareclass quartic up to the fixed class -1, so each primitive direction has only B^o(1) physical partners in the polynomial-height window. Consequently physical edge count and active-direction count have the same power exponent. This fixed-fiber compression, local solvability, and the universal boundary rational anchor do not force a power-sparse set of active directions; a family-level first-nonboundary-point or specializati
SR-STR-220	Higher-cell torus-quotient barrier for shared-squareclass detectors	multicell torus quotient shared squareclass square sieve; three cell four cell detector Fourier fiber identity	The three-cell and four-cell shared-squareclass detectors factor through the same effective two-cell torus quotient, with kernel dimensions one and two respectively. Their Fourier sums satisfy exact fiber identities, so pairwise two-cell savings are not independent and cannot be multiplied. A direct ideal d-cell square sieve gives only relative scale V^(-1/(d+1)), making the higher-cell enlargement no stronger than the established two-cell receiver.
SR-STR-221	Unbalanced short-denominator square-part versus two-cell minimum receiver	short denominator square part two cell minimum receiver; unbalanced denominator support sparsity adjacent coefficient	Canonically orient the reduced-coordinate pair so Q<=S and write Q=b*y^2. Large square part y>=Y gives coordinate-support sparsity D^2/Y, while y<Y forces a large adjacent two-cell coefficient b>=Q/Y^2 and activates the proved b^(-1/3) two-cell saving. The same restricted set is bounded by both mechanisms, so one takes their minimum rather than multiplying correlated savings. The historical one-parameter minimax occurs at Y=B^(1/11), Q=B^(5/11) and yielded the then-current 10/11 whole-family bou
SR-STR-222	Fixed-U canonical-LPF projective Gaussian residue receiver chain	canonical LPF fixed U Gaussian residue prime occupancy; projective Gaussian prime class selected residue centered discrepancy	For one frozen outer U, the canonical-LPF cofactor Q=ell*delta0 is reduced from an elementary mover boundary to an exact principal/centered boundary incidence. The generic prime-action image is B^o(1) and can be frozen at zero power cost; fixed-Q Gaussian fibers have only exponent-zero principal density, so any fixed-power deficit must live in outer-Q support. Split-prime orientations then project to primitive norm-form support; after cofactor-ray reduction the selected projective prime class li
SR-STR-223	Moving genus-five triple gate and compatible paired-small-point interface	moving genus 5 rational points bounded height family; paired small point activation moving fiber product Pythagorean	The Stage14 triple correction has a fixed-base genus-5 curve model, but the physical problem is a moving-base bounded-height family. A finite zero census is not nonexistence. The reflected local character-sieve exceptional residues mark failure of an easy local-solubility proof and can serve as error control; they are not a necessary sparse congruence satisfied by every triple. The theorem-scale obstruction is instead simultaneous compatible activation of the paired small points/lifts in the mov
SR-STR-224	Fixed-R coefficient-cell accumulation and hyperbolic boundary barrier	fixed R hyperbolic boundary arithmetic counting; coefficient cell divisor sum physical diagonal support	After fixing the physical diagonal R, the identity kappa|R makes admissible squarefree kernels divisor-many and removes the prior varying-modulus K entropy. With X_R=R/(delta*C), the physical-weighted dyadic host satisfies T_R <<_epsilon R^epsilon(X_R/K+sqrt(X_R)); summing coefficient cells t=delta*c0*cs*cn with d_4(t) gives T_R^(all cells)(kappa~K) <<_epsilon R^epsilon(R/K+R). The 1/K main-term gain survives, but the hyperbolic square-root boundary accumulates to R^(1+o(1)), so the current obst
SR-STR-225	Signed fixed-U Kummer rectangle/Rayleigh receiver and polar-Schatten firewall	signed Kummer rectangle Rayleigh bound; polar Schatten obstruction arithmetic large sieve; physical selector Kummer TT star	On the fixed-U shared-divisor-fan Kummer packet, the complete projective kernel has square-root complete trace and an exact rank-one Kummer/Mellin expansion, while the physical selector retains correlated canonical-prime, primitive-cover, hyperbola and reconstruction masks. Those masks admit zero-fixed-power support-energy transfer and a B^o(1) family of pairwise-orthogonal comparator rectangles. Passing to the positive polar operator |C_r| is not zero-loss: its Schatten/leverage mass carries a 
